标题,摘要,发布时间,链接
港股高开 恒指涨1.28% 药明康德开涨7.5%,"港股高开，恒指涨1.28%，恒生科技指数上涨2.1%至6,184.65点。药明康德开涨7.5%，Q3净利润大涨53.27%。",2025-10-27 09:21:58,https://finance.eastmoney.com/a/202510273544852455.html
华为余承东：享界S9将于11月上市,【华为余承东：享界S9将于11月上市】华为余承东微博发文称，鸿蒙智行旗舰9系，新款享界S9将于11月上市。,2025-10-27 09:21:18,https://finance.eastmoney.com/a/202510273544852125.html
五粮液等在佛山新设和美智行创投合伙企业,【五粮液等在佛山新设和美智行创投合伙企业】企查查APP显示，近日，佛山市和美智行创业投资合伙企业（有限合伙）成立，出资额1.31亿元，经营范围包含：创业投资（限投资未上市企业）。企查查股权穿透显示，该企业由宜宾五粮液基金管理有限公司、四川普什产业发展基金合伙企业（有限合伙）等共同出资。,2025-10-27 09:20:13,https://finance.eastmoney.com/a/202510273544851930.html
玻色量子中标招商银行量子计算采购项目“天秤AI”,【玻色量子中标招商银行量子计算采购项目“天秤AI”】10月27日，据玻色量子消息，2025年10月，根据招商银行采购管理平台官网公示，北京玻色量子科技有限公司中标招商银行首个量子计算采购项目“天秤AI”。,2025-10-27 09:19:43,https://finance.eastmoney.com/a/202510273544851785.html
人民币兑美元中间价较上日调升47点,人民币兑美元中间价报7.0881，较上日调升47点。,2025-10-27 09:17:21,https://finance.eastmoney.com/a/202510273544851493.html
小鹏汽车进驻波罗的海三国及柬埔寨市场,【小鹏汽车进驻波罗的海三国及柬埔寨市场】小鹏汽车全球化战略再提速。10月27日，小鹏宣布，已成功进驻立陶宛、拉脱维亚、爱沙尼亚波罗的海三国，及柬埔寨市场。其中，波罗的海三国同步引入小鹏G6、G9等智能车型，携手当地头部代理商搭建销售售后网络，以该区域为“黄金入口”深耕中东欧；柬埔寨市场则一次性布局六款车型，计划11月启动交付，联合代理商在金边核心商圈设综合展厅，并将逐步拓展服务网点与充电设施。,2025-10-27 09:16:37,https://finance.eastmoney.com/a/202510273544850529.html
瑞丰高材：子公司黑磷吨级中试装置设备已进入调试阶段,【瑞丰高材：子公司黑磷吨级中试装置设备已进入调试阶段】瑞丰高材(300243)10月27日在互动平台表示，截至目前，公司控股子公司瑞丰玥能的黑磷吨级中试装置设备安装工作已经完成并进入调试阶段，调试完成后将进行投料试生产。,2025-10-27 09:16:01,https://finance.eastmoney.com/a/202510273544845888.html
深交所：深港通下的港股通标的调出山高控股,【深交所：深港通下的港股通标的调出山高控股】深交所公告，因恒生综合中型股指数实施成份股调整，根据《深圳证券交易所深港通业务实施办法》的有关规定，港股通标的证券名单发生调整，调出山高控股(0412.HK)，自2025年10月27日起生效。,2025-10-27 09:11:56,https://finance.eastmoney.com/a/202510273544819136.html
中颖电子：参股公司持有沐曦股份少量股权,【中颖电子：参股公司持有沐曦股份少量股权】中颖电子10月27日在互动平台表示，公司参股的苏州聚源振芯股权投资合伙企业（有限合伙）持有沐曦集成电路（上海）股份有限公司少量股权，穿透后公司对沐曦股份的持股比例极低，因此该项投资不会对公司生产经营和业绩产生重大影响。,2025-10-27 09:11:09,https://finance.eastmoney.com/a/202510273544811835.html
美国政府“停摆”持续 超4100万低收入人群将无法获得食品援助,【美国政府“停摆”持续 超4100万低收入人群将无法获得食品援助】美东时间周六（10月25日），美国农业部在其网站上发布通知称，由于美国政府持续停摆，超过4000万美国人所领取的食品援助将从11月起无法发放。,2025-10-27 09:11:04,https://finance.eastmoney.com/a/202510273544832194.html
各退一步？巴美就关税问题重启双边谈判 特朗普暗示“有希望”！,【各退一步？巴美就关税问题重启双边谈判 特朗普暗示“有希望”！】据央视新闻报道，当地时间10月26日，巴西总统卢拉表示，当天他在马来西亚首都吉隆坡与美国总统特朗普举行了富有建设性的会谈，两国相关团队将“立即”着手讨论关税及其他议题。,2025-10-27 09:10:58,https://finance.eastmoney.com/a/202510273544834648.html
针对外卖、快递员“送餐难、看病烦”问题 上海等多地打造“骑手友好医院”,【针对外卖、快递员“送餐难、看病烦”问题 上海等多地打造“骑手友好医院”】“快递工作几乎没有休息时间，此前基本没去过医院做检查。因为经常爬楼，膝盖和腿一直酸疼……”近日，在上海金山区从事快递工作10多年的张金龙，参加了一场骑手专属健康服务活动。复旦大学附属金山医院作为上海市首个“骑手友好医院”正式启动，张金龙等10多名外卖、快递小哥体验了服务。,2025-10-27 09:09:59,https://finance.eastmoney.com/a/202510273544804624.html
力拓集团与国家电投在奥尤陶勒盖矿区启动纯电换电矿卡应用试点项目,【力拓集团与国家电投在奥尤陶勒盖矿区启动纯电换电矿卡应用试点项目】力拓集团与国家电力投资集团有限公司（国家电投）合作，在蒙古国奥尤陶勒盖（Oyu Tolgoi）铜矿正式启动纯电换电矿卡技术应用试点项目。此次试点项目是力拓首次在露天矿使用换电矿卡技术。,2025-10-27 09:06:58,https://finance.eastmoney.com/a/202510273544780961.html
江汽集团与宁德时代签署深化长期战略合作协议,【江汽集团与宁德时代签署深化长期战略合作协议】据江汽集团官微消息，10月25日，江汽集团与宁德时代在安徽合肥签署深化长期战略合作协议。根据协议，双方围绕战略合作目标的实现，基于江汽集团“集成化集聚化”的精品供应链战略，坚定长期主义，发挥各自产业优势，实现资源协同与优势互补。,2025-10-27 09:06:24,https://finance.eastmoney.com/a/202510273544774488.html
中信证券：市场趋于平静 布局新的线索,【中信证券：市场趋于平静 布局新的线索】两条新的线索正在显现，一是产业链安全，全球越来越多非商业手段干扰下，中国份额优势明显且海外竞争性产能重置成本较高的制造业企业可能明显受益，将份额优势转化成定价权，推动利润率持续回升；二是AI从云侧向端侧扩散，端侧AI作为更广泛数据入口和个性化AI载体的趋势已经非常明显，只不过行情的启动还需要更多产品实例催化。,2025-10-27 09:05:48,https://finance.eastmoney.com/a/202510273544771511.html
中国雅江集团成立招标及物资设备公司,【中国雅江集团成立招标及物资设备公司】企查查APP显示，近日，中国雅江集团招标有限公司、中国雅江集团物资设备有限公司成立，注册资本分别为1亿元、20亿元，前者经营范围含招投标代理服务、工程造价咨询业务、采购代理服务等，后者经营范围含人工智能行业应用系统集成服务、集中式快速充电站、电动汽车充电基础设施运营等。企查查股权穿透显示，二者皆由中国雅江集团有限公司全资持股。,2025-10-27 09:05:17,https://finance.eastmoney.com/a/202510273544766490.html
科大讯飞等在合肥成立两家科技新公司,【科大讯飞等在合肥成立两家科技新公司】企查查APP显示，近日，合肥聆翔科技有限公司、合肥聆瀚科技有限公司成立，经营范围均包含：大数据服务；工业互联网数据服务；社会经济咨询服务等。企查查股权穿透显示，二者皆由科大讯飞(002230)全资子公司安徽讯飞云创科技有限公司等共同持股。,2025-10-27 09:04:50,https://finance.eastmoney.com/a/202510273544761991.html
深交所：德龙汇能拟筹划控制权变更事项 27日开市起停牌,【深交所：德龙汇能拟筹划控制权变更事项 27日开市起停牌】深交所公告，德龙汇能集团股份有限公司（简称“德龙汇能”）拟筹划控制权变更事项，经公司申请，公司股票于10月27日开市起临时停牌，待公司通过指定媒体披露相关公告后复牌。,2025-10-27 09:04:12,https://finance.eastmoney.com/a/202510273544757319.html
深交所：中元股份拟披露重大事项 27日开市起停牌,【深交所：中元股份拟披露重大事项 27日开市起停牌】深交所公告，武汉中元华电科技股份有限公司拟披露重大事项，公司股票于2025年10月27日开市起停牌，待公司通过指定媒体披露相关公告后复牌。,2025-10-27 09:03:36,https://finance.eastmoney.com/a/202510273544751966.html
晨化股份：3.5万吨烷基糖苷项目预计年底前建成,【晨化股份：3.5万吨烷基糖苷项目预计年底前建成】晨化股份(300610)近日在机构调研时表示，子公司3.5万吨烷基糖苷项目预计在年底之前建成，建成后大概需1—2年时间，能实现营收增加2亿—4亿元/年的规模。烷基糖苷产品已经完成从液体到固体的转变，目前公司正加大力度推广片状及颗粒状烷基糖苷产品在化妆品领域的运用。,2025-10-27 09:02:58,https://finance.eastmoney.com/a/202510273544747121.html
台交所加权股价指数上涨1.8%,"台交所加权股价指数上涨1.8%至28,029.88点。",2025-10-27 09:02:20,https://finance.eastmoney.com/a/202510273544741050.html
富时A50指数期货涨1%,富时A50指数期货涨1%。,2025-10-27 09:00:57,https://finance.eastmoney.com/a/202510273544730935.html
久吾高科：公司可提供零水耗盐湖提锂技术解决方案,【久吾高科：公司可提供零水耗盐湖提锂技术解决方案】久吾高科(300631)10月27日在互动平台表示，公司可以提供零水耗盐湖提锂技术解决方案。盐湖资源本身所在的高原地区往往都缺淡水，而从他处调运淡水和传统卤水制备淡水成本过高，淡水短缺成为大规模盐湖锂资源开发的瓶颈，零水耗盐湖提锂技术解决方案可解决提锂工艺水资源短缺的问题，使得吸附耦合膜法用于淡水资源匮乏的盐湖锂资源开发成为了可能。,2025-10-27 09:00:04,https://finance.eastmoney.com/a/202510273544725050.html
国内商品期货早盘开盘 主力合约多数上涨,国内商品期货早盘开盘，主力合约多数上涨。涨幅方面，生猪涨超2%，国际铜、欧线集运涨近2%，鸡蛋、沪铜、LPG、低硫燃油、燃油涨超1%；跌幅方面，红枣、沪金跌超1%，玉米、烧碱、淀粉、沪银、豆一等小幅下跌。,2025-10-27 09:00:04,https://finance.eastmoney.com/a/202510273544724913.html
中信证券：即时零售行业规模有望达2.4万亿元,【中信证券：即时零售行业规模有望达2.4万亿元】中信证券研报称，阿里、京东在外卖、即时零售领域的加码投入，本质在强化“快”这一用户心智，目标是打造一站式的消费平台。2025年二季度以来平台总投入持续扩大，预计2025年三季度平台总投入将增至近700亿元。,2025-10-27 08:56:25,https://finance.eastmoney.com/a/202510273544696432.html
中信证券：当前时点坚定看好PCB板块后续上行动能,【中信证券：当前时点坚定看好PCB板块后续上行动能】中信证券研报称，9月下旬以来PCB板块有所回调，除市场交易情绪降温外，市场担忧主要集中在龙头短期业绩扰动、行业竞争格局变化、新应用落地延后等方面。但中信证券强调AI PCB行业底层的增长逻辑并未改变，对市场担忧方向均持相对乐观观点，且后续板块存在密集潜在催化；同时从业绩及估值视角来看，龙头厂商的业绩预期整体仍在逐步兑现，估值水平则存在进一步上修空间，当前时点坚定看好PCB板块后续的上行动能。,2025-10-27 08:52:18,https://finance.eastmoney.com/a/202510273544660835.html
中信证券：需求超预期上行 锂价有望逐步抬升,【中信证券：需求超预期上行 锂价有望逐步抬升】中信证券研报指出，2025年储能政策推动储能电池需求超预期增长，单车带电量提升以及以旧换新政策带动动力电池需求提高。我们预计全球储能及动力电池景气度有望延续，锂盐需求料将继续超预期。锂行业投资高峰期已过，未来主要增量来自现有项目的增产或爬坡，锂资源供应增速预计会逐步下滑。9月锂盐冶炼厂的库销比为28%，降至2022年的水平，锂盐库存水平达到极限值。,2025-10-27 08:51:32,https://finance.eastmoney.com/a/202510273544656454.html
第十一批集采今日开标 超400家企业竞标 不再单纯追求最低价中标,【第十一批集采今日开标 超400家企业竞标 不再单纯追求最低价中标】第十一批集采不再简单以最低报价作为价差控制的唯一参考。新的“锚点”价格确定为有效申报入围企业“单位可比价”平均值的50%与最低“单位可比价”两者中取高值。这意味着，即便有个别企业报出异常低价，也不会轻易“熔断”其他正常报价的企业。并且，所有投标企业均需承诺不低于成本报价。,2025-10-27 08:50:01,https://finance.eastmoney.com/a/202510273544687831.html
瑞普生物：已建成菌丝蛋白中试生产线 具备产业化基础和推广条件,【瑞普生物：已建成菌丝蛋白中试生产线 具备产业化基础和推广条件】瑞普生物(300119)近日在分析师会议上表示，公司目前已建成菌丝蛋白中试生产线，并完成中试生产工艺研究，具备产业化基础和推广条件，新的生产工厂已经开始建设。根据可行性研究报告，项目全面投产后，预计年营业收入为13亿元。,2025-10-27 08:49:28,https://finance.eastmoney.com/a/202510273544641461.html
维科精密：毫米波及激光雷达清洗阀已完成样品 尚未量产,【维科精密：毫米波及激光雷达清洗阀已完成样品 尚未量产】维科精密(301499)10月27日在互动平台表示，公司的毫米波及激光雷达清洗阀目前已完成样品，尚未开始量产。,2025-10-27 08:48:59,https://finance.eastmoney.com/a/202510273544636973.html
两市融资余额增加59.19亿元,【两市融资余额增加59.19亿元】截至10月24日，上交所融资余额报12350.0亿元，较前一交易日增加29.86亿元；深交所融资余额报11972.96亿元，较前一交易日增加29.33亿元；两市合计24322.96亿元，较前一交易日增加59.19亿元。,2025-10-27 08:48:08,https://finance.eastmoney.com/a/202510273544635659.html
万马股份三季度归母净利润大增227% 超高压与机器人线缆实现多点突破,【万马股份三季度归母净利润大增227% 超高压与机器人线缆实现多点突破】近日，万马股份（002276)发布2025年三季度报告，交出了一份“营收稳增、营利暴增”的亮眼成绩单。数据显示，公司三季度实现营业收入48.37亿元，较上年同期增长7.93%;实现归母净利润1.61亿元，较上年同期增长227.70%。前三季度，公司实现营业收入141.09亿元，较上年同期增长8.36%;实现归母净利润4.12亿元，较上年同期增长61.57%，盈利能力大幅提升。,2025-10-27 08:47:56,https://finance.eastmoney.com/a/202510273544635589.html
迷雾中前行！美联储本周料将再度降息 内部分歧恐进一步加剧？,【迷雾中前行！美联储本周料将再度降息 内部分歧恐进一步加剧？】美联储本周预计将连续第二次降息，以支撑摇摇欲坠的就业市场。但若试图将宽松周期延长至10月之后，可能面临部分官员的再度反对——这些官员仍对通胀问题忧心忡忡。不少业内人士表示，尽管美联储内部的鸽派目前仍在辩论中占上风并有望再度推动本月降息，但政策制定者中的鹰派阵营，则可能依然会担心降息力度过猛。,2025-10-27 08:45:31,https://finance.eastmoney.com/a/202510273544634784.html
122亿元“梭哈”算力 债务激增的协创数据加速冲刺H股,【122亿元“梭哈”算力 债务激增的协创数据加速冲刺H股】算力新贵协创数据（300857.SZ）近日向港交所递交了上市申请资料。界面新闻记者发现，此次冲刺H股对协创数据至关重要，是公司解资金之渴的关键一役。2025年以来，协创数据以破釜沉舟之势持续加注算力业务，已近“梭哈”状态。,2025-10-27 08:44:11,https://finance.eastmoney.com/a/202510273544634650.html
“50亿订单”传闻点燃股价 三花智控的机器人前景究竟如何？,【“50亿订单”传闻点燃股价 三花智控的机器人前景究竟如何？】10月中旬，一则“特斯拉向三花智控下达50亿元人形机器人订单”的传言在资本市场引发关注。受此影响，10月15日，三花智控A股（002050.SZ）与港股（02050.HK）股价同步飙升，单日市值合计暴涨近382亿元。作为从家用空调和汽车热管理龙头跨界而来的玩家，多家机构一致看好其机器人业务的增长潜力，认为这将成为公司继制冷元器件、汽车零部件后的第三增长曲线。,2025-10-27 08:44:04,https://finance.eastmoney.com/a/202510273544634391.html
溢价三倍、独董弃权：信音电子2.2亿并购国联电子合理吗？,【溢价三倍、独董弃权：信音电子2.2亿并购国联电子合理吗？】针对此次并购，信音电子董秘对界面新闻回应称，公司自2023年上市之后，超募资金一直没有找到合适的项目，此次并购计划实际已经跟踪了一年多时间。他认为，结合标的公司近年来的获利情况，以及对赌协议的约定，公司并没有为这次并购花费很高的代价，300%左右的并购增值率在业内亦属于中等水平。,2025-10-27 08:44:02,https://finance.eastmoney.com/a/202510273544635285.html
卢浮宫抢劫案后续：两名嫌疑人被捕、失窃珠宝仍未被追回,【卢浮宫抢劫案后续：两名嫌疑人被捕、失窃珠宝仍未被追回】卢浮宫抢劫案发生一周后，法国警方拘捕了两名涉嫌参与劫案的人员。卢浮宫方面则将部分珠宝藏品转移至法国中央银行法兰西银行金库内存放。,2025-10-27 08:42:21,https://finance.eastmoney.com/a/202510273544633992.html
实弹射击 禁止驶入 山东潍坊发布警告,【实弹射击 禁止驶入 山东潍坊发布警告】据中国海事局网站消息，潍坊海事局发布航行警告，10月27日0时至14时，渤海潍坊港部分海域进行实弹射击，禁止驶入。,2025-10-27 08:41:12,https://finance.eastmoney.com/a/202510273544633120.html
法拉利拟通过加密货币拍卖勒芒赛车,【法拉利拟通过加密货币拍卖勒芒赛车】法拉利计划发行名为“TokenFerrari499P”的数字代币，仅限其Hyperclub（100名最尊贵的客户）成员交易和竞标勒芒赛车。,2025-10-27 08:40:03,https://finance.eastmoney.com/a/202510273544633313.html
首个航班已降落广州 时隔5年中印正式恢复直航,【首个航班已降落广州 时隔5年中印正式恢复直航】10月27日凌晨4点不到，航班6E1703在广州落地，代表着在时隔5年后，中国内地和印度恢复了直航。首趟直航由印度市场占有率最高的靛蓝航空执飞，在印度当地时间晚上10点07分在加尔各答起飞，飞往广州，全程3个多小时。而在过去旅客通常要前往中国香港、新加坡、乃至迪拜转机，如今旅行时间大大缩短。,2025-10-27 08:38:21,https://finance.eastmoney.com/a/202510273544631948.html
“双降”背后 片仔癀增长逻辑何在？,【“双降”背后 片仔癀增长逻辑何在？】近日，中药行业龙头企业片仔癀公布的三季报显示，公司前三季度营收与净利润“双降”，引发公司“十年增长神话是否已经终结”的讨论。“双降”是拐点，还是再出发前的休整？公司核心竞争力是否还在？未来的业绩增长点在何处？围绕市场关心的话题，记者近日走进位于福建省漳州市的片仔癀总部进行采访。,2025-10-27 08:37:10,https://finance.eastmoney.com/a/202510273544632051.html
汉得信息：今年计划努力完成3亿元AI相关收入,【汉得信息：今年计划努力完成3亿元AI相关收入】汉得信息(300170)在电话会议中表示，今年公司的AI收入主要按“产品+服务”两个维度划分。关于AI收入目标，今年整体计划努力完成3亿元AI相关收入，订单规模争取达到4亿—5亿元。如果能维持当前的发展节奏，且市场需求进一步释放，明年希望实现规模翻倍，将AI收入目标设定在5亿—6亿元。,2025-10-27 08:34:36,https://finance.eastmoney.com/a/202510273544630543.html
香港金管局：国际金融领袖投资峰会将于11月3至5日举行,【香港金管局：国际金融领袖投资峰会将于11月3至5日举行】10月27日，香港金融管理局总裁余伟文发文宣布，国际金融领袖投资峰会将于2025年11月3至5日再度举行，这也是金管局连续第四年举办这项金融界盛事。大约300位国际金融领袖将于下周聚首香港参与峰会，当中包括超过100位集团主席或行政总裁。,2025-10-27 08:33:38,https://finance.eastmoney.com/a/202510273544630284.html
新泉股份：创始人、实际控制人之一唐敖齐逝世,【新泉股份：创始人、实际控制人之一唐敖齐逝世】新泉股份(603179)10月27日早间公告，公司收到公司创始人、实际控制人之一唐敖齐的家属通知，唐敖齐先生于2025年10月26日逝世，享年80岁。公司控股股东江苏新泉志和投资有限公司（简称：新泉投资）持有公司股份1.27亿股，占公司目前总股本的25.86%，唐敖齐持有新泉投资51%的股权，唐敖齐持有新泉投资的股权将按法律法规办理继承手续，公司将根据进展情况及时履行信息披露义务。本次继承事宜不会导致公司控制权发生变更。,2025-10-27 08:32:54,https://finance.eastmoney.com/a/202510273544630164.html
热门中概股在美股夜盘走高 阿里巴巴和百度均涨3%,热门中概股在美股夜盘走高，阿里巴巴和百度均涨3%，理想汽车、小鹏汽车涨超2%。,2025-10-27 08:32:04,https://finance.eastmoney.com/a/202510273544630035.html
阿根廷总统米莱所在政党赢得该国中期选举,【阿根廷总统米莱所在政党赢得该国中期选举】当地时间26日晚，阿根廷内阁部长宣布，总统米莱所在的“自由前进运动”党赢得中期选举。,2025-10-27 08:31:26,https://finance.eastmoney.com/a/202510273544629730.html
10月27日投资避雷针：上纬新材再发警示 如股票价格进一步脱离基本面将申请停牌核查,【10月27日投资避雷针：上纬新材再发警示 如股票价格进一步脱离基本面将申请停牌核查】近日，A股及海外市场潜在风险事件如下。国内经济信息方面包括：1）8月国内市场手机出货量同比下降6%，国产品牌手机出货量同比下降4%；2）10月钢铁流通PMI指数较上月降2.5个百分点；公司方面重点关注包括：1）上纬新材表示，如股票交易价格进一步脱离基本面情况，可能按照相关规则再次向上海证券交易所申请停牌核查；2）梦洁股份董事陈洁对公司三季报投出反对票。,2025-10-27 08:30:11,https://finance.eastmoney.com/a/202510273544630961.html
“十五五”规划点名 十万亿级市场启幕 脑机接口升维“国家战略”,【“十五五”规划点名 十万亿级市场启幕 脑机接口升维“国家战略”】2025年被业内誉为“中国脑机接口元年”，政策支持实现质的飞跃。同年7月，工信部、国家发改委等七部门联合发布《关于推动脑机接口产业创新发展的实施意见》，这份纲领性文件将脑机接口产业正式提升至国家战略高度。文件设定了清晰目标：到2027年，核心关键技术取得突破，电极、芯片和整机产品性能达到国际先进水平；到2030年，产业综合实力进入世界前列。,2025-10-27 08:29:10,https://finance.eastmoney.com/a/202510273544629543.html
耐克发布其首款跑步动力鞋Project Amplify,【耐克发布其首款跑步动力鞋Project Amplify】10月27日，据耐克消息，该公司日前发布其首款跑步动力鞋Project Amplify。据介绍，基于耐克运动研究实验室（NSRL）的运动算法开发，首代动力鞋履系统集轻量强力电机、传动带与可充电踝夹电池于一体，并适配碳板跑鞋。目前，Nike Project Amplify仍处于早期测试阶段，耐克力求在未来几年内将这一功能性动力鞋系统推向更广泛的消费市场。,2025-10-27 08:25:08,https://finance.eastmoney.com/a/202510273544628321.html
深圳市人民医院与华鲲振宇战略合作 将共建人工智能联创实验室,【深圳市人民医院与华鲲振宇战略合作 将共建人工智能联创实验室】10月25日，在首届深圳人工智能医院建设和发展大会上，深圳市人民医院与四川华鲲振宇智能科技有限责任公司（简称“华鲲振宇”）正式签署人工智能联创实验室战略合作协议。双方将围绕智慧医疗建设，深度融合信息技术与临床资源，共同推进人工智能在医疗场景中的创新研究与落地应用。,2025-10-27 08:23:05,https://finance.eastmoney.com/a/202510273544627457.html
离扭亏为盈更近一步？珠免集团准备“卖掉”格力地产,【离扭亏为盈更近一步？珠免集团准备“卖掉”格力地产】房地产终究还是成了业绩的“挡路石”。10月22日，珠海珠免集团股份有限公司（600185.SH）发布公告表示，公司拟将持有的珠海格力房地产有限公司100%股权转让至珠海投捷控股有限公司。2024年12月底，珠免集团方面便表示，公司会在5年内逐步完成对存量房地产业务的去化或处置，且完成后将不再经营房地产业务。,2025-10-27 08:23:00,https://finance.eastmoney.com/a/202510273544627873.html
美国航空公司将恢复以色列美国航线,【美国航空公司将恢复以色列美国航线】美国航空10月26日宣布，将恢复以色列-美国航线，恢复航线后的首趟班机预计在2026年3月28日从纽约肯尼迪国际机场起飞。这将成为继达美航空公司、联合航空公司、以色列航空公司和阿基亚以色列航空公司之后，第五家直飞以色列美国航线的航空公司。,2025-10-27 08:20:16,https://finance.eastmoney.com/a/202510273544627213.html
日经225指数涨幅扩大至2%,日经225指数涨幅扩大至2%，最新报50299.41点。,2025-10-27 08:18:14,https://finance.eastmoney.com/a/202510273544626843.html
安科生物两款儿童呼吸道病毒感染新药同步启动Ⅲ期临床,【安科生物两款儿童呼吸道病毒感染新药同步启动Ⅲ期临床】安科生物在厦门召开“AK1012吸入用溶液Ⅱ/Ⅲ期临床试验研究者会”及“人干扰素α2b喷雾剂Ⅲ期临床试验研究者会”，两款聚焦儿童呼吸道病毒感染产品同步进入临床验证冲刺阶段。,2025-10-27 08:17:22,https://finance.eastmoney.com/a/202510273544626764.html
外资三季度调仓路径曝光 聚焦高景气与前沿科技赛道,【外资三季度调仓路径曝光 聚焦高景气与前沿科技赛道】随着上市公司2025年三季报密集披露，市场高度关注的外资机构调仓路线图浮出水面。记者梳理发现，外资在今年第三季度展现出积极进取的姿态，其选股沿着业绩高增长、科技及高端制造、基本面反转三大主线进行布局，在行业板块上集中于半导体、通信、高端制造、新材料等领域，涉及脑机接口、无人驾驶、机器人等热门概念。,2025-10-27 08:16:19,https://finance.eastmoney.com/a/202510273544628433.html
今日开幕！潘功胜、李云泽、吴清将作主题演讲！系列重要金融政策将发布,【今日开幕！潘功胜、李云泽、吴清将作主题演讲！系列重要金融政策将发布】2025金融街论坛年会将于10月27日至30日在北京金融街举办，主题为“创新、变革、重塑下的全球金融发展”，中国人民银行行长潘功胜、金融监管总局局长李云泽、中国证监会主席吴清等将出席2025金融街论坛年会并作主题演讲。金融街论坛年会组委会秘书处执行秘书长、北京市西城区区长郅海杰日前表示，年会期间将发布系列重要金融政策。,2025-10-27 08:15:46,https://finance.eastmoney.com/a/202510273544626981.html
规则全面优化 第十一批国家组织药品集采今日开标,【规则全面优化 第十一批国家组织药品集采今日开标】第十一批国家组织药品集采今天开标。预计今天晚些时候产生拟中选结果。本次集采规则全面优化，坚持“稳临床、保质量、反内卷、防围标”的原则，从医疗机构报量、企业投标门槛、竞价入围等方面作出一系列优化。,2025-10-27 08:15:29,https://finance.eastmoney.com/a/202510273544626482.html
澜起科技宣布量产DDR5第四子代RCD芯片,【澜起科技宣布量产DDR5第四子代RCD芯片】10月27日，澜起科技宣布已完成DDR5第四子代寄存时钟驱动器芯片（RCD04）的量产。据澜起科技介绍，RCD04芯片是高性能服务器及数据中心内存系统的核心组件，数据传输速率最高可达7200MT/s，较上一代产品提升超过12.5%。,2025-10-27 08:13:53,https://finance.eastmoney.com/a/202510273544625861.html
2架美军机在南海相继坠毁 原因正在调查中,【2架美军机在南海相继坠毁 原因正在调查中】据美国海军消息，当地时间10月26日下午2点45分左右，美国海军一架隶属于第73直升机海上打击中队的MH - 60R“海鹰”直升机，在从“尼米兹”号航空母舰起飞执行任务时坠入南海海域。机上全部3名机组人员被救起。美军称，这两起坠机事件的原因目前正在调查中。,2025-10-27 08:12:49,https://finance.eastmoney.com/a/202510273544625654.html
信达生物：玛仕度肽头对头司美格鲁肽III期临床研究DREAMS-3达成主要终点,【信达生物：玛仕度肽头对头司美格鲁肽III期临床研究DREAMS-3达成主要终点】10月27日，信达生物宣布胰高血糖素（GCG）/胰高血糖素样肽-1（GLP-1）双受体激动剂玛仕度肽（研发代号：IBI362）的第四项III期临床研究（DREAMS-3）达成主要终点。,2025-10-27 08:11:38,https://finance.eastmoney.com/a/202510273544625429.html
韩国KOSPI指数上涨2%,韩国KOSPI指数上涨2%至4020.55。,2025-10-27 08:10:58,https://finance.eastmoney.com/a/202510273544625266.html
“反内卷”叠加双十一 快递企业盈利有望持续修复,【“反内卷”叠加双十一 快递企业盈利有望持续修复】记者近日走访多家快递公司获悉，“反内卷”叠加双十一等因素，有快递业人士称，其所在网点涨价成功率达100%，今年双十一，快递网点单票利润将受此影响得以提升。其中，“反内卷”提价为快递公司摆脱低价提供了机会，单票涨幅大多在1-2毛钱左右，网点会根据实际情况调整。,2025-10-27 08:09:28,https://finance.eastmoney.com/a/202510273544625976.html
上周五美股存储芯片再度狂飙 产业链涨价势头有望超预期,【上周五美股存储芯片再度狂飙 产业链涨价势头有望超预期】上周五美股存储芯片概念再度狂飙，闪迪大涨超11%，美光科技涨近6%，希捷科技、西部数据盘中均一度涨超6%。,2025-10-27 08:09:27,https://finance.eastmoney.com/a/202510273544625794.html
AI眼镜市场火热 产品放量或将带动产业链企业估值提升,【AI眼镜市场火热 产品放量或将带动产业链企业估值提升】Meta的AI智能眼镜MetaRay-BanDisplay自9月30日在美国部分线下零售店发售以来，因市场反应热烈导致全国范围内的库存迅速售罄，11月前的试戴预约也几乎排满。,2025-10-27 08:09:22,https://finance.eastmoney.com/a/202510273544625597.html
安徽晶镁高端光罩项目在合肥开工 总投资约120亿元,【安徽晶镁高端光罩项目在合肥开工 总投资约120亿元】“合肥高新发布”微信公众号消息，10月25日上午，独立第三方半导体高端光罩项目——安徽晶镁光罩在高新区正式开工。项目用地面积约45.6亩，总投资约120亿元，聚焦28nm及以上半导体光罩的研发、生产和销售等。本次开工的一期项目总投资约65亿元，将建设高标准自动化产线，预计2027年投产，满产后月产能可达3200片。,2025-10-27 08:07:51,https://finance.eastmoney.com/a/202510273544624411.html
三星电子股价上涨逾2%至纪录高点 SK海力士涨逾3%创纪录高位,三星电子股价上涨逾2%至纪录高点，SK海力士涨逾3%创纪录高位。,2025-10-27 08:06:59,https://finance.eastmoney.com/a/202510273544623939.html
韩国Kospi指数突破4000点大关,韩国Kospi指数突破4000点大关。,2025-10-27 08:05:55,https://finance.eastmoney.com/a/202510273544623780.html
日经225指数突破50000关口,日经225指数刚刚突破50000关口，最新报50089.27，日内涨1.60%。,2025-10-27 08:04:46,https://finance.eastmoney.com/a/202510273544622994.html
瑞普生物：“双十一”宠物相关工作已全面推进,【瑞普生物：“双十一”宠物相关工作已全面推进】瑞普生物(300119)日前在分析师会议上表示，公司“双十一”宠物相关工作已全面推进：启动天猫、京东等核心渠道的货架电商全平台预售筹备，定制专属周边赠品回馈消费者；与头部直播间达成合作，后续将密切配合直播间节奏，做好备货、物流等后端保障工作，全力提升直播间转化效果。,2025-10-27 08:02:25,https://finance.eastmoney.com/a/202510273544621939.html
贝森特：美方“不再考虑”对中国加征100%的关税,【贝森特：美方“不再考虑”对中国加征100%的关税】贝森特在接受美媒采访时表示，经过吉隆坡为期两天的会谈，双方达成了“非常实质性的框架协议”，美方“不再考虑”对中国加征100%的关税。,2025-10-27 08:01:40,https://finance.eastmoney.com/a/202510273544622396.html
日韩股市集体高开,"【日韩股市集体高开】日经225指数开盘报49905.80点，涨幅1.23%；韩国KOSPI指数开盘上涨1.5%至3,999.79点。",2025-10-27 08:01:05,https://finance.eastmoney.com/a/202510273544622493.html
中信建投：特斯拉GEN3预计于2026Q1发布 政策积极推动具身智能产业发展,【中信建投：特斯拉GEN3预计于2026Q1发布 政策积极推动具身智能产业发展】中信建投研报指出，特斯拉Q3业绩会引起广泛关注，尽管Gen3发布时间较此前预期略有推迟，但对于变动较大的新品来说2个月左右的延迟属正常现象，且本次业绩会相较此前更为积极，同时有新的变化，比如可以在更大范围内自主运行，首次在财报里呈现量产产线进展，并打开长期量产预期。,2025-10-27 07:59:38,https://finance.eastmoney.com/a/202510273544621178.html
投资日历：周一资本市场大事提醒,【投资日历：周一资本市场大事提醒】①今日共有1只新股申购，为沪主板的丰倍生物（603334）。②2025金融街论坛年会将于10月27日至30日举行，“一行两局一会”主要负责人将作主题演讲等。,2025-10-27 07:55:30,https://finance.eastmoney.com/a/202510273544620446.html
上海打造全国首个脑机接口产业集聚区 撬动千亿级蓝海市场,【上海打造全国首个脑机接口产业集聚区 撬动千亿级蓝海市场】技术方案尚在实验室验证，企业还未注册，中科院上海光机所研究员何飞团队已受到多家头部投资机构的青睐。“不是我们跑得快，而是上海提供的土壤，让创新从实验室到孵化器的距离，缩短到几步路。”何飞感慨。他口中的土壤，正是上海正在打造的全国首个脑机接口未来产业集聚区——脑智天地。,2025-10-27 07:53:09,https://finance.eastmoney.com/a/202510273544619621.html
阿里巴巴前CEO张勇 5354万港元买下香港半山豪宅,【阿里巴巴前CEO张勇 5354万港元买下香港半山豪宅】港股上市公司希慎兴业（00014.HK）10月24日发布公告称，当日全资子公司广运作为卖方与买方订立协议，根据该协议的条款及条件，广运同意向买方出售位于竹林苑的一个住宅单位（实用面积约为2084平方呎，约合193平方米），价格为5354万港元。希慎兴业称，买方公司由独立非执行董事张勇全资拥有。,2025-10-27 07:51:10,https://finance.eastmoney.com/a/202510273544619211.html
我国首款心血管AI-OCT大模型发布,【我国首款心血管AI-OCT大模型发布】在近日举行的中华医学会第二十七次心血管年会上，我国首款心血管AI-OCT（光学相干断层成像）大模型——麒光AI-OCT大模型正式亮相。它融合AI大模型与先进影像技术，依托高质量心血管数据库，显著提升OCT影像的解析效率与精准度，大幅降低技术使用门槛，被业内视为实现精准血管介入治疗（PCI）手术的重要突破。,2025-10-27 07:49:55,https://finance.eastmoney.com/a/202510273544618645.html
中金公司：展望后市 大小盘风格或呈现转换,【中金公司：展望后市 大小盘风格或呈现转换】中金公司研报认为，展望后市，大小盘风格或呈现转换，大盘成长风格有望中期（3—6个月）占优。当前宏观背景仍偏支持新兴成长板块，包括宏观经济有待继续修复、产业技术迭代较快、产业政策注重创新、并购重组和IPO相关政策继续对科创企业予以鼓励等，与此同时大市值新兴成长企业占比增加，对大小盘的影响相比以往更均衡。,2025-10-27 07:49:13,https://finance.eastmoney.com/a/202510273544618514.html
摩根士丹利将天赐材料评级上调至超配 目标价38元,摩根士丹利将天赐材料评级上调至超配，目标价38元。,2025-10-27 07:47:51,https://finance.eastmoney.com/a/202510273544618137.html
癌症病理基因大模型DeepGEM落地,【癌症病理基因大模型DeepGEM落地】记者10月23日从广州金域医学检验集团股份有限公司获悉，癌症病理基因大模型DeepGEM日前在该公司落地部署。依托这一大模型，该公司将与腾讯、广州医科大学附属第一医院共同开发病理基因多模态大模型，让准确、及时且普惠的基因突变预测新技术惠及更多癌症患者。,2025-10-27 07:47:09,https://finance.eastmoney.com/a/202510273544618387.html
聚焦新型电力系统发展 专家热议——数智技术成为核心引擎,【聚焦新型电力系统发展 专家热议——数智技术成为核心引擎】当前，“人工智能+能源”趋势已势不可挡，能源数字化、智能化将迈向新阶段。以“数字电力·AI启航”为主题的2025新型电力系统数智发展论坛日前在河北崇礼举办，论坛由中国电力企业联合会大数据与统计分会主办，广联达科技股份有限公司承办。与会专家认为，人工智能和数字技术正与电力系统加速融合，成为推动新型电力系统建设的关键驱动力。,2025-10-27 07:46:27,https://finance.eastmoney.com/a/202510273544617845.html
新方法提升机器人复杂地形自主导航能力,【新方法提升机器人复杂地形自主导航能力】10月21日，记者从哈尔滨工业大学（深圳）获悉，该校智能学部智能科学与工程学院教授陈浩耀团队在机器人路径规划方面取得重要进展。该团队通过引入地形分析与构型稳定性估计形成层次化路径规划框架，实现地面移动机器人在崎岖地形下安全、稳定、高效自主导航。相关研究成果于日前发表在学术期刊《IEEE机器人学汇刊》上。,2025-10-27 07:45:55,https://finance.eastmoney.com/a/202510273544617475.html
破解水处理难题——“算法驭水”更环保更高效,【破解水处理难题——“算法驭水”更环保更高效】中山大学计算机学院教授衡益分析，水处理技术在低碳化与资源化领域的协同突破，关键在于与智能化技术的深度融合。这意味着水处理技术的转型升级需从追求单一技术点的革新，转向依靠智能化实现系统级优化。,2025-10-27 07:45:05,https://finance.eastmoney.com/a/202510273544617262.html
现货黄金日内跌幅重新扩大至超1%,现货黄金日内跌幅重新扩大至超1%，现报4070美元/盎司。,2025-10-27 07:44:27,https://finance.eastmoney.com/a/202510273544617073.html
天风证券：持续看好电解铝板块投资机会,【天风证券：持续看好电解铝板块投资机会】天风证券研报认为，电解铝板块兼具铝价进攻性与红利资产防御性，往后看板块分红比例有望进一步抬升，弹性之外，红利价值有望进一步彰显。作为攻守兼备的优质稀缺资产，持续看好电解铝板块投资机会。,2025-10-27 07:43:24,https://finance.eastmoney.com/a/202510273544616639.html
腾讯《王者荣耀》今年国服日活跃用户达1.39亿,【腾讯《王者荣耀》今年国服日活跃用户达1.39亿】10月26日，腾讯手游《王者荣耀》官方公布的最新数据显示，2025年王者荣耀国服DAU（日活跃用户数）达1.39亿，王者荣耀全球MAU（月活跃用户数）超过2.6亿。,2025-10-27 07:42:56,https://finance.eastmoney.com/a/202510273544616538.html
俄开发出分析机器翻译错误的应用程序,【俄开发出分析机器翻译错误的应用程序】机器翻译在提升文字处理效率的同时，不稳定的翻译质量成为文字处理的一大困扰。尽管有各种特殊指标可用来分析和改进这类翻译错误，但低效的校准能力无法满足需求。俄罗斯苏尔古特国立大学日前宣布，该校科学家开发出一款能够分析机器翻译错误的应用程序，有助于提升机器翻译质量。,2025-10-27 07:42:09,https://finance.eastmoney.com/a/202510273544616490.html
超小型半导体器件助芯片稳压滤噪,【超小型半导体器件助芯片稳压滤噪】低压差线性稳压器（LDO）是芯片内部的“稳压心脏”，可为不同功能模块提供干净、稳定的电源。韩国蔚山科学技术院的研究团队研发出一种超小型混合LDO，有望显著提升先进半导体器件的电源管理效率。它不仅能更稳定地输出电压，还能滤除噪声，同时占用更少的空间，为人工智能、6G通信等领域的高性能片上系统提供了新方案。相关成果发表于新一期《IEEE固态电路期刊》。,2025-10-27 07:41:20,https://finance.eastmoney.com/a/202510273544616323.html
AI工具能精准预测交通事故风险,【AI工具能精准预测交通事故风险】美国约翰斯·霍普金斯大学研究团队研发出一款名为“交通安全副驾”的生成式人工智能工具，能够精准预测交通事故风险。相关研究成果发表于最新一期《自然·通讯》杂志。,2025-10-27 07:40:03,https://finance.eastmoney.com/a/202510273544616058.html
仿生软镜片可像人眼一样自动调焦 推动光驱动材料及下一代可穿戴技术发展,【仿生软镜片可像人眼一样自动调焦 推动光驱动材料及下一代可穿戴技术发展】美国佐治亚理工学院研究人员开发出一种仿生软镜片，能够像人眼一样根据环境光照强度自动调节焦距。这一成果展示了光驱动软体材料在构建自适应视觉系统、自主运行的软体机器人、智能医疗设备及下一代可穿戴技术方面的广阔前景。相关研究结果发表在新一期《科学·机器人》杂志上。,2025-10-27 07:39:33,https://finance.eastmoney.com/a/202510273544615974.html
距地不到二十光年的“超级地球”发现 为寻找外星生命带来新希望,【距地不到二十光年的“超级地球”发现 为寻找外星生命带来新希望】包括美国宾夕法尼亚州立大学在内的国际团队，在距离地球不到20光年的地方发现了一颗系外行星。其被命名为GJ 251 c，属于“超级地球”。该行星位于其恒星宜居带，即所谓“黄金地带”，如果大气条件允许，行星表面可能存在液态水。这一发现为寻找外星生命带来了新希望。研究结果发表于最新一期《天文学杂志》。,2025-10-27 07:39:01,https://finance.eastmoney.com/a/202510273544615879.html
全球首款类脑智算体“智者一号”发布,【全球首款类脑智算体“智者一号”发布】近日，“智者一号”在横琴粤澳深度合作区发布。这是全球首款类脑智算体，通过适配原创性的直觉神经网络类脑算法，成功将超算能力浓缩至迷你冰箱大小的设备中，在实现超算能力高度集成化的同时，也为传统超算中心与智能算力集群的能效提升提供了新路径。,2025-10-27 07:37:17,https://finance.eastmoney.com/a/202510273544615754.html
冷冻电镜如何“跨界”助力芯片光刻取得新突破,【冷冻电镜如何“跨界”助力芯片光刻取得新突破】光刻技术是推动芯片制程工艺持续微缩的核心驱动力之一。近日，北京大学化学与分子工程学院彭海琳教授团队及其合作者在《自然-通讯》上披露了他们的新发现。该团队通过冷冻电子断层扫描技术，首次在原位状态下解析了光刻胶分子在液相环境中的微观三维结构、界面分布与缠结行为，指导开发出可显著减少光刻缺陷的产业化方案。,2025-10-27 07:36:22,https://finance.eastmoney.com/a/202510273544615682.html
华泰证券：预计美联储10月大概率降息25bp,【华泰证券：预计美联储10月大概率降息25bp】华泰证券研报称，北京时间10月30日（周四）凌晨美联储将公布10月议息会议决定，由于近期美国就业市场仍延续放缓，而关税对通胀影响较为温和，预计美联储大概率降息25bp，此外，考虑到近期量价指标均指示联储已触及可以停止缩表的转换阈值，且此前联储已经与市场充分沟通——不排除鲍威尔10月FOMC即宣布停止缩表的可能性。,2025-10-27 07:35:37,https://finance.eastmoney.com/a/202510273544615474.html
创新中国开启关键五年——“十五五”科技坐标解读之一,【创新中国开启关键五年——“十五五”科技坐标解读之一】“十五五”时期是基本实现社会主义现代化夯实基础、全面发力的关键时期，也是科技强国建设承上启下、跨越发展的关键时期。党的二十届四中全会提出，“加快高水平科技自立自强，引领发展新质生产力”，为我国未来科技创新事业的关键五年擘画了新蓝图、锚定了新坐标。,2025-10-27 07:34:22,https://finance.eastmoney.com/a/202510273544615352.html
华泰证券：港股周期和科技依然高景气,【华泰证券：港股周期和科技依然高景气】华泰证券指出，上周港股市场总体震荡，观望情绪依然浓厚。下半年至今，南向资金累计流入超5000亿港币，叠加年底考核周期临近，后续流入动能可能放缓。此外，情绪指标已经回归中性，南向是近期降温的新动能。从大势上看，当前上下风险较为均衡，风偏较高投资者可逐步建仓，但胜率更优的大幅加仓时机或仍需等待。,2025-10-27 07:33:03,https://finance.eastmoney.com/a/202510273544615127.html
海昌海洋公园：詹新伟已获委任为首席财务官兼副总裁,【海昌海洋公园：詹新伟已获委任为首席财务官兼副总裁】10月26日晚间，海昌海洋公园在港交所公告，自2025年10月24日起，詹新伟已获委任为公司首席财务官兼副总裁，负责主持总裁办公室工作，并协助首席执行官处理公司管理及营运事宜。詹新伟自2025年10月17日起担任公司执行董事。,2025-10-27 07:30:28,https://finance.eastmoney.com/a/202510273544615087.html
保时捷今年前三季度营业利润同比暴跌99%！发生了什么？,【保时捷今年前三季度营业利润同比暴跌99%！发生了什么？】最新披露的数据显示，保时捷今年前三季度营业利润同比暴跌99%至4000万欧元（约合人民币3.31亿元），较去年同期的40.35亿欧元（约合人民币334亿元）断崖式下跌。公司销售回报率降至0.2%，而去年同期为14.1%。对于业绩的暴跌，保时捷解释，主要原因包括产品战略重组带来的特殊支出、中国豪华车市场挑战，以及美国进口关税成本上升等。,2025-10-27 07:29:03,https://finance.eastmoney.com/a/202510273544614981.html
汇丰控股：完成30亿美元股票回购,"【汇丰控股：完成30亿美元股票回购】10月27日早间，汇丰控股在港交所公告，于10月24日向Merrill Lynch International购入1,297,200股每股面值0.5美元之普通股以作注销，作为2025年7月31日公布的股份回购之一部分。继购入此等股份后，回购已经完成。",2025-10-27 07:28:38,https://finance.eastmoney.com/a/202510273544614886.html
华泰A股策略：配置可适度向哑铃型倾斜,【华泰A股策略：配置可适度向哑铃型倾斜】华泰证券研报指出，近期A股受到宏观不确定性影响进入缩量震荡阶段，短期市场变数仍存，但从市场情绪指标来看，量化及赚钱效应指标已回落至中性区间，但考虑到资金“抄底”意愿仍存，投资者情绪回调幅度或相对有限，调整仍是配置机会。,2025-10-27 07:25:38,https://finance.eastmoney.com/a/202510273544614523.html
诺华将斥资120亿美元收购美国生物制药公司Avidity,【诺华将斥资120亿美元收购美国生物制药公司Avidity】诺华10月26日宣布，同意收购美国生物制药公司AvidityBiosciences，以强化其后期神经科学产品线，交易对价总额为120亿美元现金。Avidity专注于开发新型RNA疗法，用于治疗严重的遗传性神经肌肉疾病。,2025-10-27 07:24:55,https://finance.eastmoney.com/a/202510273544614477.html
皖仪科技董事长臧牧：开启智能化研发新阶段 战略跃迁剑指百亿目标,【皖仪科技董事长臧牧：开启智能化研发新阶段 战略跃迁剑指百亿目标】安徽省合肥市高新区内，皖仪科技总部新园区将在2025年10月28日以崭新姿态迎接启用时刻。对这家自2003年以工业密封性检测业务起家，如今已成长为覆盖工业检测仪器、在线监测仪器、实验室分析仪器、医疗及生命科学仪器的综合性国家级高新技术企业而言，新园区的启用不仅是企业硬件升级的标志，更是这家安徽省首家科创板上市公司迈向全新发展阶段的起点。,2025-10-27 07:19:25,https://finance.eastmoney.com/a/202510273544613693.html
上市车企9月销量：整车销量超218万辆 上汽集团、比亚迪、吉利汽车销量居前三,【上市车企9月销量：整车销量超218万辆 上汽集团、比亚迪、吉利汽车销量居前三】根据公告数据整理，A、H股上市公司中有20家汽车制造厂商披露了9月份的月度销售数据。2025年9月，20家公司合计销售整车218.62万辆，同比上升15.28%。相比8月的同比增速，北汽蓝谷、中通客车、江铃汽车等企业9月销量增速明显加快，曙光股份、小鹏汽车、东风集团、福田汽车等企业的9月增速有所放缓。,2025-10-27 07:19:02,https://finance.eastmoney.com/a/202510273544613237.html
A股三季报业绩暖意足 电子有色金属等行业增长明显,【A股三季报业绩暖意足 电子有色金属等行业增长明显】A股三季报扎堆披露。Wind数据显示，截至10月26日18时，A股共有1311家上市公司已披露三季报，773家上市公司实现归属于上市公司股东的净利润同比增长，占比约为58.96%。从行业角度看，建筑材料、钢铁、电子、有色金属、电力设备、非银金融、计算机、商贸零售等板块业绩增长明显。从分红角度看，截至目前，A股共有60家上市公司对外发布2025年三季度分红方案，42家公司每10股拟派发现金股利超过1元（含税）。,2025-10-27 07:18:50,https://finance.eastmoney.com/a/202510273544613523.html
规则全面优化！第十一批国采今日开标 涉及55个品种、超400家企业竞逐,【规则全面优化！第十一批国采今日开标 涉及55个品种、超400家企业竞逐】第十一批国家组织药品集中采购今日上午7点30分在上海青浦区正式开始接受企业递交申报资料，将于10点30分开始进行申报信息公开。本次国采涵盖55个品种，涉及企业超400家，平均每个品种有14家企业；头孢唑肟注射剂、达格列净口服常释剂型等2024年销售额达数十亿，恒瑞医药、齐鲁制药、正大天晴、石药集团、阿斯利康等均携多品种参与。,2025-10-27 07:18:47,https://finance.eastmoney.com/a/202510273544613197.html
北交所首单中长期科技创新公司债券成功发行,【北交所首单中长期 科技创新公司债券成功发行】记者从北交所获悉，近日，北京中关村资本基金管理有限公司成功发行北交所首单中长期科技创新公司债券。10月24日起该债券在北交所上市。据悉，该债券由银河证券担任牵头主承销商和簿记管理人，国泰海通担任联席主承销商，发行规模5亿元，期限为5年，发行利率2.29%，创今年9月份以来全国同期限、同评级债券发行利率新低。,2025-10-27 07:18:41,https://finance.eastmoney.com/a/202510273544613981.html
北交所公司三季报业绩稳健增长 机构关注度持续提升,【北交所公司三季报业绩稳健增长 机构关注度持续提升】随着三季报披露季拉开帷幕，北交所上市公司业绩表现逐步揭晓。Wind数据显示，截至10月26日，已有22家北交所上市公司披露了2025年三季报，多数公司展现出稳健的增长态势。从已披露数据来看，雅葆轩、民士达、太湖雪、长虹能源等企业均实现营收与净利润的双增长，其中部分公司增速显著。,2025-10-27 07:18:01,https://finance.eastmoney.com/a/202510273544613434.html
绿金债发行规模大增 “绿色溢价”凸显市场青睐,【绿金债发行规模大增 “绿色溢价”凸显市场青睐】今年以来，绿色金融债发行规模实现较大幅度增长，并且在发行过程中继续维持“绿色溢价”。专家表示，绿色金融债发行规模增长，有助于金融机构夯实负债基础、改善资产质量，做好绿色金融大文章。展望未来，绿色金融债在标准完善、加强信息披露等方面仍有一定完善空间。,2025-10-27 07:16:31,https://finance.eastmoney.com/a/202510273544612548.html
绿色工厂申报开启简便模式 企业为何感觉变难了,【绿色工厂申报开启简便模式 企业为何感觉变难了】为推进制造业绿色低碳发展，近日，工信部发布《关于开展2025年度绿色工厂推荐工作的通知》。业内人士表示，今年的申报工作虽然手续变简单了，但实质性要求更高了，要求企业用真实数据说话。在推动绿色低碳转型过程中，制造业企业未来还需提升数智化管理水平、应用绿色低碳技术。,2025-10-27 07:15:28,https://finance.eastmoney.com/a/202510273544612437.html
筑牢根基 激活动能 守牢底线 “十五五”资本市场高质量发展擘画新图景,【筑牢根基 激活动能 守牢底线 “十五五”资本市场高质量发展擘画新图景】展望未来，业内人士认为，相关部门将以“稳”为基，通过培育优质上市公司、完善“长钱长投”生态夯实市场内在稳定性；以“进”为要，通过深化多层次市场改革、强化科创与实体服务能力激活发展动能；以“严”为尺，通过法治化监管、科技赋能执法守牢安全底线，全方位推动资本市场高质量发展。,2025-10-27 07:13:18,https://finance.eastmoney.com/a/202510273544612282.html
聚焦“支持性”方向 精准把握货币政策实施力度和节奏,【聚焦“支持性”方向 精准把握货币政策实施力度和节奏】中国人民银行党委日前在召开会议传达学习党的二十届四中全会精神时提出，构建科学稳健的货币政策体系。专家表示，下一阶段，货币政策将坚持支持性立场，根据经济运行情况，精准把握施策的力度、时机和节奏，通过动态完善政策框架、加强执行传导释放效能，更好支持经济高质量发展。,2025-10-27 07:11:42,https://finance.eastmoney.com/a/202510273544612071.html
掘金“地沟油”！废弃资源综合利用“小巨人”今天申购丨打新早知道,【掘金“地沟油”！废弃资源综合利用“小巨人”今天申购】10月27日，可申购沪市主板的丰倍生物（603334.SH），公司成立于2014年，主营业务以废弃油脂资源综合利用业务为主，油脂化学品业务为辅。,2025-10-27 07:01:31,https://finance.eastmoney.com/a/202510273544609447.html
周一（10月27日）重点关注财经事件和经济数据,【周一（10月27日）重点关注财经事件和经济数据】① 待定 国内成品油开启新一轮调价窗口；② 待定 2025金融街论坛年会举行。,2025-10-27 07:00:51,https://finance.eastmoney.com/a/202510273544609584.html
受贸易乐观情绪推动 美国期铜价格日内上涨2.4%,受贸易乐观情绪推动，美国期铜价格日内上涨2.4%。,2025-10-27 06:59:19,https://finance.eastmoney.com/a/202510273544609332.html
苹果市值新高离不开中国市场热销,【苹果市值新高离不开中国市场热销】近期，苹果公司股价表现强劲，创下自去年12月以来新高，并超越微软成为美国市值第二大公司。这一亮眼表现的重要推动力之一，源自其新一代产品在中国市场的热销。几乎在同一时期，苹果公司CEO蒂姆·库克也完成了年内第二次中国之行。面对部分美国政客不断掀起对华经贸波澜，美国商界和企业正以实际行动拥抱中国市场，用脚投票。,2025-10-27 06:55:33,https://finance.eastmoney.com/a/202510273544596241.html
布伦特原油期货涨幅扩大至1% 报65.85美元/桶,布伦特原油期货涨幅扩大至1%，报65.85美元/桶。,2025-10-27 06:53:06,https://finance.eastmoney.com/a/202510273544608351.html
第三届东北亚金融大会在沈举行 代表齐聚沈阳探寻开放新机遇,【第三届东北亚金融大会在沈举行 代表齐聚沈阳探寻开放新机遇】金秋十月，流金溢彩。24日，来自海内外的金融机构与企业代表齐聚沈阳，在第三届东北亚金融大会的考察活动中来到自贸区沈阳片区，实地感受这座城市迸发的开放活力与金融动能。,2025-10-27 06:49:03,https://finance.eastmoney.com/a/202510273544608219.html
澳大利亚竞争与消费者委员会指控微软涉嫌就订阅选项与价格上调进行误导性宣传,据报道，澳大利亚竞争与消费者委员会指控微软在将Copilot集成至Microsoft 365等套件后，涉嫌就订阅选项与价格上调进行误导性宣传。,2025-10-27 06:46:12,https://finance.eastmoney.com/a/202510273544608056.html
韩国总统李在明表示 韩国和美国在3500亿美元投资的问题上的贸易谈判仍然处于僵局,韩国总统李在明表示，韩国和美国在3500亿美元投资的问题上的贸易谈判仍然处于僵局。,2025-10-27 06:42:31,https://finance.eastmoney.com/a/202510273544607996.html
据报道 汇丰银行预计就麦道夫案相关诉讼计提11亿美元拨备,据报道，汇丰银行预计就麦道夫案相关诉讼计提11亿美元拨备。,2025-10-27 06:41:37,https://finance.eastmoney.com/a/202510273544607862.html
WTI原油期货涨幅扩大至1%,WTI原油期货涨幅扩大至1%，报62.13美元/桶。布伦特原油涨0.94%，报65.812美元/桶。,2025-10-27 06:36:48,https://finance.eastmoney.com/a/202510273544607718.html
承诺两天送达 金价一涨就成缺货？消费者质疑：线上买金怎能丢失契约精神？,【承诺两天送达 金价一涨就成缺货？消费者质疑：线上买金怎能丢失契约精神？】距离下单时间已经过去了一周，这个挂着“老庙”大牌的商家却还在以催促仓库加紧排单为由拖延发货。“为了备婚才买金，原本是一件喜事，现在却让我‘愁上加愁’。”苗女士（化名）怎么也没有想到，一对象征着幸福的金手镯，会将她推进一个反复维权的漩涡。,2025-10-27 06:34:05,https://finance.eastmoney.com/a/202510273544607223.html
德媒：冷却塔被拆 德国核能时代落幕,【德媒：冷却塔被拆 德国核能时代落幕】德新社25日报道称，德国巴伐利亚州贡德雷明根核电站的两座冷却塔在核反应堆关闭多年后于当日12时遭爆破。约有3万名民众在核电站附近见证了这一历史性时刻，部分德媒强调，“德国步入去核能的新阶段”。,2025-10-27 06:32:13,https://finance.eastmoney.com/a/202510273544607193.html
德国外长推迟访华引发巨大争议 德议员批其发出“不良信号”,【德国外长推迟访华引发巨大争议 德议员批其发出“不良信号”】德国外长瓦德富尔访华临行前两天突然宣布推迟行程，在德国引发巨大争议，也暴露出默茨政府内部在对华政策上的分歧。德国执政联盟中的社会民主党议员批评外长此举发出“不良信号”，认为这不利于改善当前紧张的德中关系。,2025-10-27 06:31:30,https://finance.eastmoney.com/a/202510273544607037.html
以军空袭黎巴嫩致三人死亡,【以军空袭黎巴嫩致三人死亡】以色列国防军26日发表声明说，以军当天对黎巴嫩南部和东部发动空袭，打死一名黎巴嫩真主党成员和一名为真主党走私武器的男子。黎巴嫩卫生部说，以军空袭造成三人死亡。,2025-10-27 06:26:26,https://finance.eastmoney.com/a/202510273544606971.html
美联储10月降息25个基点的概率为98.3%,【美联储10月降息25个基点的概率为98.3%】据CME“美联储观察”：美联储10月降息25个基点的概率为96.7%，维持利率不变的概率为3.3%。美联储12月累计降息50个基点的概率为94.8%。,2025-10-27 06:19:05,https://finance.eastmoney.com/a/202510273544606172.html
现货黄金跳空低开后 现重新站上4100美元/盎司,现货黄金跳空低开后，现重新站上4100美元/盎司，跌幅缩窄至0.3%，此前一度跌1%。,2025-10-27 06:15:19,https://finance.eastmoney.com/a/202510273544605183.html
WTI原油开盘涨0.72% 报61.945美元/桶,WTI原油开盘涨0.72%，报61.945美元/桶；布伦特原油涨0.62%，报65.604美元/桶。,2025-10-27 06:14:12,https://finance.eastmoney.com/a/202510273544605059.html
政府“停摆”持续 美低收入人群食品援助将于11月1日停止,【政府“停摆”持续 美低收入人群食品援助将于11月1日停止】当地时间10月25日，美国农业部在其网站上发布通知称，美国联邦政府的“补充营养援助计划”将于11月1日停止。美国农业部称，资金已经枯竭。目前，11月1日将不会发放任何福利。据悉，美国联邦政府的“补充营养援助计划”覆盖约4200万人，主要受益人群为低收入群体，残疾人和老人等，这些人群可使用政府补贴的食品券在指定商店购买食物。,2025-10-27 06:08:23,https://finance.eastmoney.com/a/202510273544606068.html
创投机构竞逐定增 新“猎场”赚钱效应凸显,【创投机构竞逐定增新 “猎场”赚钱效应凸显】东方财富Choice数据显示，今年前9个月A股市场已实施定增项目共101个，实际募集资金约8000亿元，较去年全年129个项目、募集1558亿元实现大幅增长,2025-10-27 06:04:01,https://finance.eastmoney.com/a/202510273544589457.html
赛力斯集团预计11月4日在港上市交易 招股价格不超过每股131.5港元,赛力斯集团预计11月4日在港上市交易，招股价格不超过每股131.5港元。,2025-10-27 05:56:09,https://finance.eastmoney.com/a/202510273544604972.html
巴西总统宣布将与美国就关税问题进行谈判,【巴西总统宣布将与美国就关税问题进行谈判】当地时间10月26日，巴西总统卢拉表示，当天他在马来西亚首都吉隆坡与美国总统特朗普举行了富有建设性的会谈，两国相关团队将 “立即” 着手讨论关税及其他议题。卢拉称，巴美双方同意立即召开会议，就关税问题及针对巴西官员的制裁措施寻求解决方案。卢拉表示，巴美两国之间没有“冲突”的理由。美国总统特朗普表示，期待与巴西达成“良好协议”。巴西外长维埃拉表示，卢拉与特朗普在会谈中达成共识，在巴西和美国代表进行谈判期间，将暂停征收关税。,2025-10-27 05:50:06,https://finance.eastmoney.com/a/202510273544596857.html
波音公司表示 对于工会投票否决其合同提议深感失望，并将全力执行应急预案下一阶段部署,波音公司表示，对于工会投票否决其合同提议深感失望，并将全力执行应急预案下一阶段部署。,2025-10-27 05:34:25,https://finance.eastmoney.com/a/202510273544595957.html
AI热潮与气候变化将推动老龄化日本电力需求反弹,【AI热潮与气候变化将推动老龄化日本电力需求反弹】受人工智能与芯片制造增长驱动，日本电力需求预计明年反弹，未来十年增长6%。气候变化模式将进一步提升能源需求，但人口老龄化仍是核心制约因素。东京电力与关西电力凭借其科技产业集中区的区位优势受益，而中部电力亟需提升供电稳定性。,2025-10-27 05:15:34,https://finance.eastmoney.com/a/202510273544595851.html
加拿大总理：准备继续推动与美国的贸易谈判,【加拿大总理：准备继续推动与美国的贸易谈判】当地时间26日，正在马来西亚进行访问的加拿大总理卡尼在回应近期美加贸易问题时表示，加拿大政府准备在国内进行大规模投资，并推进贸易多元化。加拿大计划在未来十年内，将对非美市场的出口增加一倍以上，价值将超过3000亿加元。他同时表示，加拿大政府随时准备继续推动与美国之间的贸易谈判。,2025-10-27 05:09:14,https://finance.eastmoney.com/a/202510273544595797.html
阿根廷举行国会中期选举 改选部分参众议员席位,【阿根廷举行国会中期选举 改选部分参众议员席位】当地时间10月26日，阿根廷举行国会中期选举，改选众议院半数席位和参议院三分之一席位，将选出24名参议员和127名众议员。据悉，该国共有约3648万合法选民可进行投票。阿根廷全国共划分为24个选区，其中16个选区仅选举国会众议员，8个选区将同时选举众议员和参议员。选举于26日8时开始，至18时结束。本次选举首次采用单轮投票制，将直接选举出参众两院的换届议员。初步计票结果将于26日21时后开始公布，最终计票结果将在5天后在选举委员会监督下正式公布。,2025-10-27 05:05:54,https://finance.eastmoney.com/a/202510273544595695.html
以总理称将决定加沙国际部队构成,【以总理称将决定加沙国际部队构成】以色列总理内塔尼亚胡10月26日在于耶路撒冷举行的以色列内阁会议上称，对于将部署到加沙地带的国际部队，“以色列将决定哪些部队是我们无法接受的”。按照美国总统特朗普此前提出的所谓“20点计划”，美国将与阿拉伯国家及国际伙伴合作，组建一支临时国际稳定部队部署至加沙。该部队将对经过审查的巴勒斯坦警察部队进行培训与支持。内塔尼亚胡还强调，美国与以色列都是主权独立的国家，“不存在谁控制谁、谁左右谁的安全政策的情况”。他表示，“以色列的安全政策掌握在自己手中，我们不准备容忍针对我们的攻击，我们根据自己的判断对攻击做出回应。,2025-10-27 04:58:44,https://finance.eastmoney.com/a/202510273544595587.html
公募最新调研路径曝光 医药和科技板块备受青睐,【公募最新调研路径曝光医药和科技板块备受青睐】尽管近期A股市场出现震荡，但公募基金的调研热情丝毫未减。Wind数据显示，截至10月23日，近一个月来逾160家公募机构合计调研上市公司超2000次。综合来看，医药、电子领域最受公募基金青睐。业内人士认为，随着宏观政策稳步发力、市场流动性保持宽裕，结构性机会仍将贯穿四季度，科技与医药有望成为资金“长短结合”的配置重点。,2025-10-27 04:51:24,https://finance.eastmoney.com/a/202510273544590453.html
公募年内自购权益类基金35亿元,【公募年内自购权益类基金35亿元】今年以来，公募基金行业明显加大对权益类基金的自购力度，以真金白银看多后市行情。据统计，年内公募自购旗下权益类基金规模已达35亿元，远超去年全年水平。与此同时，多只新发爆款基金也频现基金管理人自购身影。在业内人士看来，基金管理人积极自购既体现对自身投研能力的认可，也可以与投资者利益更好绑定。,2025-10-27 04:40:26,https://finance.eastmoney.com/a/202510273544592868.html
年内“日光基”累计达88只 基金指数化投资趋势再深化,【年内“日光基”累计达88只 基金指数化投资趋势再深化】今年公募基金新发市场呈现出一派火热景象，新发基金不仅在数量上保持高位，更引人注目的是，认购天数仅1天的“日光基”频繁出现，成为市场的一大亮点。以基金成立日为统计口径，截至2025年10月25日，有88只基金在发行首日便售罄，反映出资金对公募产品的热烈追捧。,2025-10-27 04:28:46,https://finance.eastmoney.com/a/202510273544592787.html
据报道 索尼集团无意竞购华纳兄弟探索公司,据报道，索尼集团无意竞购华纳兄弟探索公司。,2025-10-27 04:20:18,https://finance.eastmoney.com/a/202510273544594431.html
英媒：独立候选人当选爱尔兰总统 其质疑美英法的加沙问题立场可信度,【英媒：独立候选人当选爱尔兰总统 其质疑美英法的加沙问题立场可信度】“凯瑟琳·康诺利以压倒性优势当选爱尔兰总统。”英国广播公司（BBC）26日以此为题报道称，选举结果显示，她以63.36%的得票率获胜，当选爱尔兰第十任总统。选举投票结果于25日晚间公布，康诺利的主要竞争对手、爱尔兰统一党候选人希瑟·汉弗莱斯得票率仅为29.46%。据报道，现年68岁的康诺利并不是一个家喻户晓的人物，在竞选之初，许多人都低估了她。康诺利长期以来一直批评欧盟增加军费开支的计划，质疑美国、英国和法国在加沙战争问题上的立场可信度。,2025-10-27 04:10:23,https://finance.eastmoney.com/a/202510273544594370.html
俄美领导人布达佩斯会晤为何被“推迟”？俄外长披露沟通细节,【俄美领导人布达佩斯会晤为何被“推迟”？俄外长披露沟通细节】当地时间26日，俄外长拉夫罗夫表示，他本月20日与美国国务卿鲁比奥进行了实质性通话。通话后，依据美方声明，拉夫罗夫认为，对于俄美为落实两国领导人阿拉斯加会晤成果所能采取的行动，双方有着明确的理解。拉夫罗夫表示，俄方准备以美方认为舒适的节奏继续推进对话。拉夫罗夫披露，双方均未在20日的通话中提及新的会晤或谈判。拉夫罗夫认为，球在美国一边，“是他们提出了某些东西，而我们最终准备接受。”他还表示，是美方首先提出取消两国领导人布达佩斯会晤，而后又改称“取消”为“改期”。这些变化均源自会晤倡议的发起者，即美方。,2025-10-27 03:54:05,https://finance.eastmoney.com/a/202510273544594257.html
告别明星拥抱系统 公募投研迎“工业化革命”,【告别明星拥抱系统 公募投研迎“工业化革命”】“为何很少看到明星基金经理了？”——这个问题的答案，正随着公募基金投研体系的深刻变革而逐渐清晰。一场以平台化、系统化和工业化为方向的革命，已从理念构建步入价值验证阶段。尽管转型尚需时间，但其对基金业绩的积极影响已开始显现。,2025-10-27 03:48:18,https://finance.eastmoney.com/a/202510273544592317.html
市场风格悄然切换 基金重仓股“由小变大”,【市场风格悄然切换基金重仓股“由小变大”】随着结构性行情轮番演绎，近期A股市场风格出现了一定的切换迹象，大小盘“跷跷板”效应愈发显著。,2025-10-27 03:28:20,https://finance.eastmoney.com/a/202510273544591892.html
公募ETF竞逐“不走寻常路” 产品差异化成突围法宝,【公募ETF竞逐“不走寻常路” 产品差异化成突围法宝】截至10月26日，伴随黄金价格大涨，挂钩黄金现货的ETF迎来大爆发，规模一路攀升并反超跟踪中证1000、上证50、科创50、中证A500等传统宽基赛道的ETF，创下规模仅次于沪深300ETF的历史纪录。,2025-10-27 03:08:07,https://finance.eastmoney.com/a/202510273544592696.html
债券基金遭遇“冷冬”,【债券基金遭遇“冷冬”】债券市场持续多年的强势行情于今年放慢脚步，进入宽幅震荡阶段。,2025-10-27 02:48:54,https://finance.eastmoney.com/a/202510273544589859.html
严控产能 绿色发展 建材行业提质增效进行时,【严控产能 绿色发展 建材行业提质增效进行时】作为国民经济的重要基础产业，建材行业的持续健康发展，为我国工业增长提供了重要支撑。近年来，受下游需求影响，以水泥、玻璃为代表的建材产品价格下跌，行业亏损面扩大，市场结构性问题凸显。近日，工信部等六部门印发《建材行业稳增长工作方案（2025—2026年）》，提出力争未来两年内建材行业盈利水平有效提升，2026年绿色建材营业收入超过3000亿元，绿色低碳和数字化发展水平明显提高，为行业发展指明了方向。,2025-10-27 02:28:15,https://finance.eastmoney.com/a/202510273544592153.html
东帝汶附近海域发生6.2级地震,【东帝汶附近海域发生6.2级地震】据美国地质调查局地震信息网消息，格林尼治时间26日17时4分（北京时间27日1时4分），帝汶岛西北部东帝汶“飞地”欧库西附近海域发生6.2级地震，震中位于南纬9.10度、东经123.95度，震源深度95.6公里。,2025-10-27 02:16:27,https://finance.eastmoney.com/a/202510273544593995.html
据报道：波兰国防部将于当地时间周一与Palantir签署一份合作意向书,据报道，波兰国防部将于当地时间周一与Palantir签署一份合作意向书。,2025-10-27 02:01:57,https://finance.eastmoney.com/a/202510273544593831.html
美国宾夕法尼亚州大学枪击事件已致1死6伤,【美国宾夕法尼亚州大学枪击事件已致1死6伤】当地时间10月25日晚，美国宾夕法尼亚州切斯特县林肯大学在举办户外庆祝活动时发生一起枪击事件，目前已导致1人死亡、6人受伤。切斯特县地方检察官克里斯托弗·德·巴雷纳-萨罗贝在26日凌晨举行的新闻发布会上表示，一名持枪嫌疑人已被拘留。目前有关部门正在调查是否存在多名枪手的可能性。,2025-10-27 01:47:01,https://finance.eastmoney.com/a/202510273544593763.html
诺华制药将2024-2029年预期销售额复合年增长率从5%上调至6%,诺华制药将2024-2029年预期销售额复合年增长率从5%上调至6%。,2025-10-27 01:38:56,https://finance.eastmoney.com/a/202510273544592058.html
新一轮稳健上涨行情有望延续 科技成长风格或“强者恒强”,【新一轮稳健上涨行情有望延续科技成长风格或“强者恒强”】新一轮稳健上涨行情有望延续，科技成长风格或“强者恒强”。上周，A股市场震荡上行，尤其是10月24日市场放量大涨，沪指突破前期高点，再创十年新高，显著提振了投资者信心。其中，科技成长风格逆转此前回调态势，涨幅居前。,2025-10-27 01:36:41,https://finance.eastmoney.com/a/202510273544589592.html
量质齐升，构筑人民币跨境投融资“新闭环” 点心债成人民币国际化新引擎,【量质齐升，构筑人民币跨境投融资“新闭环” 点心债成人民币国际化新引擎】人民币离岸债券市场正稳步迈入高质量发展阶段。2024年，点心债市场规模突破1.4万亿元，2025年9月进一步攀升至1.5万亿元，较2021年全年的约2500亿元增长数倍。,2025-10-27 01:28:54,https://finance.eastmoney.com/a/202510273544589749.html
百亿元级私募机构增至101家,【百亿元级私募机构增至101家】国内“百亿元级私募阵营”持续扩容。私募排排网最新统计数据显示，截至10月26日，百亿元级私募机构数量已达101家，较9月底的96家新增了5家。其中，上海新方程私募基金管理有限公司、深圳望正资产管理有限公司、浙江旌安私募基金有限公司和上海赫富投资有限公司均为之前就进入过“百亿元阵营”的“熟面孔”，这次是重新回归；深圳市大道投资管理有限公司则是首次入围。,2025-10-27 01:06:29,https://finance.eastmoney.com/a/202510273544587234.html
超300只债基披露2025年三季报 投资操作各有不同,【超300只债基披露2025年三季报 投资操作各有不同】公募基金2025年三季度报告进入密集披露期。数据显示，截至10月26日记者发稿时，已有超300只债券型基金披露三季报，其中有157只基金在三季度实现净值增长。,2025-10-27 00:59:45,https://finance.eastmoney.com/a/202510273544587366.html
社保基金第三季度新进63股增持28股,【社保基金第三季度新进63股增持28股】在延续对龙头标的长期坚守的同时，社保基金还在通信、电子等科技赛道加大布局力度。随着三季报进入密集披露期，社保基金的三季度持仓动向逐步清晰。作为A股市场重要的长线资金，社保基金的持仓动向始终具有风向标意义。第三季度，社保基金在坚守长期价值投资理念的同时加大对科技赛道的布局，既反映了对宏观经济与产业趋势的判断，也向市场传递了长期信心。,2025-10-27 00:51:59,https://finance.eastmoney.com/a/202510273544586414.html
据报道：国际机械师协会837区工会成员拒绝波音最新合同方案,据报道，国际机械师协会837区工会成员拒绝波音最新合同方案。,2025-10-27 00:40:24,https://finance.eastmoney.com/a/202510273544586745.html
国内油价有望再下调 加满一箱或少花11.5元,【国内油价有望再下调 加满一箱或少花11.5元】国内成品油新一轮调价窗口将于10月27日24时开启。综合机构观点，本次调价或将出现年内第九次下调。今年以来，国内油价已经历二十轮调价窗口，分别为“六涨八跌六搁浅”。涨跌互抵后，国内汽、柴油价格每吨较去年底分别下调480元、460元。若本轮调价落地，2025年的调价格局将变为“六涨九跌六搁浅”。,2025-10-27 00:38:07,https://finance.eastmoney.com/a/202510273544586619.html
“不想再盯盘”“以为抄到底但又亏了” 黄金投资 “震荡困局”待解,【“不想再盯盘”“以为抄到底但又亏了” 黄金投资 “震荡困局”待解】近日，国际金价高位震荡，上演“过山车”行情，不少黄金消费者和投资者的心也跟着七上八下。社交平台上，“第一批金价下跌受害者出现了”“金价大跌有人刚买镯子想退货”成为热搜话题。部分黄金投资者开始讨论，是应抓住回调机会果断加仓，还是该趁着目前利润尚可，赶紧“落袋为安”？对此，专家建议，投资者应密切关注市场变化，理性评估自身风险承受能力，合理控制仓位，审慎做出投资决策。,2025-10-27 00:36:10,https://finance.eastmoney.com/a/202510263544577193.html
买得下 为何管不了？闻泰科技的野心与困局,【买得下 为何管不了？闻泰科技的野心与困局】财报是积极的，现实是冷感的。10月24日，闻泰科技（600745.SH）公布三季报：半导体业务继续贡献高增长、高毛利、高占比，仍是公司最稳定、最赚钱的资产。这本应让投资者和市场满意，但一切都被飞来的黑天鹅打乱了。,2025-10-27 00:35:53,https://finance.eastmoney.com/a/202510263544576396.html
证监会部署资本市场改革五个“着力”点 明确高质量发展“施工图”,【证监会部署资本市场改革五个“着力”点 明确高质量发展“施工图”】近日，中国证监会召开党委（扩大）会议（以下简称“会议”），传达学习党的二十届四中全会精神。会议提出，进一步深化投融资综合改革，持续增强我国资本市场的包容性、适应性和吸引力、竞争力，更好服务“十五五”发展目标和金融强国建设。,2025-10-27 00:33:47,https://finance.eastmoney.com/a/202510273544587041.html
多部门详解“十五五”规划建议 国资将向新兴产业集中,【多部门详解“十五五”规划建议 国资将向新兴产业集中】面向“十五五”，建设现代化产业体系、巩固壮大实体经济根基的思路日渐明晰。国资委党委24日召开扩大会议要求，更好发挥国有经济主导作用和战略支撑作用，推动更多国有资本向前瞻性、战略性新兴产业集中，推动传统产业高端化、智能化、绿色化发展，推进国有经济布局优化和结构调整。,2025-10-27 00:30:11,https://finance.eastmoney.com/a/202510263544536016.html
三季报净利大增 却被董事泼冷水：财报无法“保真”！“家纺龙头”梦洁股份怎么了？,【三季报净利大增 却被董事泼冷水：财报无法“保真”！“家纺龙头”梦洁股份怎么了？】10月26日晚，家纺龙头梦洁股份发布2025年三季报。财报显示，今年前三季度，公司实现营业收入约为10.99亿元，同比下降7.97%；实现归母净利润约为2651.76万元，同比增长28.69%。值得一提的是，公司董事陈洁再次对该份定期报告投出反对票，称其无法保证公司三季报真实、准确、完整、不存在虚假记载、误导性陈述或重大遗漏。,2025-10-27 00:28:33,https://finance.eastmoney.com/a/202510273544585456.html
宠物行业大并购！依依股份拟全资收购高爷家 股票今起复牌,【宠物行业大并购！依依股份拟全资收购高爷家 股票今起复牌】依依股份(001206)拟全资收购高爷家，布局“食品+用品”领域。10月26日晚间，依依股份公告，正筹划以发行股份及支付现金相结合的方式，收购杭州高爷家有好多猫宠物食品有限责任公司（下称“高爷家”）全部股权，并同步募集配套资金。公司股票自2025年10月27日（星期一）开市复牌。,2025-10-27 00:28:18,https://finance.eastmoney.com/a/202510263544552397.html
十大券商策略：“十五五”主线布局开启 市场有望持续强势表现,【十大券商策略：“十五五”主线布局开启 市场有望持续强势表现】中信证券：市场趋于平静，布局新的线索；广发证券：会议基调由守转攻，有利于AH长期走牛；中信建投：调整接近尾声，上行趋势继续；申万宏源：看好科技龙头2025年第四季度行情。,2025-10-27 00:25:26,https://finance.eastmoney.com/a/202510263544554193.html
央行今天开展9000亿元MLF操作 有何信号？,【央行今天开展9000亿元MLF操作 有何信号？】10月24日，中国人民银行宣布，为保持银行体系流动性充裕，2025年10月27日（周一），以固定数量、利率招标、多重价位中标方式开展9000亿元MLF（中期借贷便利）操作，期限为1年期。,2025-10-27 00:25:09,https://finance.eastmoney.com/a/202510263544553622.html
业绩利好密集来袭！资金对业绩主线的关注度持续提升,【业绩利好密集来袭！资金对业绩主线的关注度持续提升】A股业绩利好密集来袭！随着A股上市公司进入三季报密集披露期，市场资金对业绩主线的关注度持续提升。Wind数据统计显示，截至券商中国记者发稿，超过1300家A股上市公司发布了2025年三季度业绩报告，其中有100家上市公司前三季度净利润同比增速超100%（剔除扭亏为盈）。,2025-10-27 00:24:28,https://finance.eastmoney.com/a/202510263544552196.html
获受理！第三家互联网券商迎关键进展！,【获受理！第三家互联网券商迎关键进展！】关键进展！近日，湘财股份与大智慧双双公告，收到上交所出具的《关于受理湘财股份有限公司发行股份购买资产并募集配套资金申请的通知》。上交所对申请文件进行了核对，认为申请文件齐备，符合法定形式，决定予以受理并依法进行审核。,2025-10-27 00:24:23,https://finance.eastmoney.com/a/202510263544552079.html
库尔德工人党宣布从土耳其境内撤出武装力量,【库尔德工人党宣布从土耳其境内撤出武装力量】当地时间26日，库尔德工人党发表声明，宣布将撤出其在土耳其境内的全部武装力量。库尔德工人党发表声明称，该组织正在从土境内撤出所有可能引发冲突或容易被挑衅利用的武装力量，对于边境沿线有类似风险的地点，该组织也正在采取相应措施。,2025-10-27 00:23:17,https://finance.eastmoney.com/a/202510273544585259.html
苹果消息不断：iPhone Air“砍单”超八成？卫星通信服务将弃用全球星？业绩将公布,【苹果消息不断：iPhone Air“砍单”超八成？卫星通信服务将弃用全球星？业绩将公布】近期苹果消息不断。10月22日，iPhone Air正式开售后线下销量不及预期，被苹果分析师郭明錤曝出“砍单超八成”。同时，iPhone手机卫星通信服务的合作商或将发生变化，近期传出iPhone的卫星通信服务将弃用全球星转投马斯克SpaceX的消息。此外，苹果将于北京时间10月31日公布2025财年第四财季业绩，这意味着苹果将向投资者亮出这一财年的“成绩单”，新款iPhone的销售情况将在这份成绩单里展现。,2025-10-27 00:19:54,https://finance.eastmoney.com/a/202510263544547918.html
调查发现摩托车司机酒驾导致印度巴士起火事故,【调查发现摩托车司机酒驾导致印度巴士起火事故】当地时间26日，印度警方调查显示，两天前发生在印度东南部安得拉邦的客运巴士起火事故，是由肇事摩托车司机酒驾所致。24日凌晨，一辆载有超过40人的客运巴士在安得拉邦与一辆摩托车相撞后起火，造成至少20人丧生。警方称，肇事摩托车司机名叫希瓦·尚卡尔，事发时他处于醉酒状态且未开启摩托车大灯，再加上地面湿滑，摩托车打滑失控后撞向隔离带，尚卡尔当场死亡，坐在后座的尚卡尔朋友受伤。随后，巴士撞到倒在隔离带附近的摩托车，将其碾过并拖行约300米后发生爆炸。,2025-10-27 00:17:01,https://finance.eastmoney.com/a/202510273544585175.html
药明康德前三季度净利增八成：再次上调全年指引 拟28亿向高瓴投资出售两家子公司,【药明康德前三季度净利增八成：再次上调全年指引 拟28亿向高瓴投资出售两家子公司】国内CXO巨头药明康德交出了一份亮眼的成绩单。10月26日，无锡药明康德新药开发股份有限公司公布2025年三季报。公司第三季度整体收入120.57亿元，同比增长15.26%，其中持续经营业务收入120.4亿元，同比增长19.7%。归母净利润35.15亿元，同比增长53.27%，利润总额同比增长82.89%，达到51.3亿元。值得关注的是，在发布2025年三季报的同时，药明康德还通过另一条公告对外宣布，全资子公司上海药明康德新药开发有限公司（简称“上海药明”）拟转让其所持有的上海康德弘翼医学临床研究有限公司（简称“康德弘翼”）和上海药明津石医药科技有限公司（简称“津石医药”）100%股权。,2025-10-27 00:13:43,https://finance.eastmoney.com/a/202510263544545463.html
绩优基金大调仓！后市机会何寻？,【绩优基金大调仓！后市机会何寻？】基金2025年三季报进入密集披露期，多位绩优基金经理的调仓情况浮出水面。整体来看，三季度，绩优基金经理们普遍保持高仓位运作，并且对持仓结构进行了较明显的调整，主要减持了前期涨幅较高的标的。,2025-10-27 00:12:51,https://finance.eastmoney.com/a/202510263544570279.html
重大工商变更！新国盛证券来了,【重大工商变更！新国盛证券来了】10月26日晚间，国盛金控发布公告称，公司中文名称已由“国盛金融控股集团股份有限公司”变更为“国盛证券股份有限公司”。同日，国盛金控选举产生了公司第五届董事会董事长及各专门委员会委员，选举刘朝东为第五届董事会董事长；聘任赵景亮为总经理，此前为财达证券副总经理，通过市场化招聘选定。此外，公司还聘任包括副总经理、财务负责人、董事会秘书等6名高级管理人员。,2025-10-27 00:10:45,https://finance.eastmoney.com/a/202510263544570927.html
我国风光发电新增装机占全球六成,【我国风光发电新增装机占全球六成】记者24日从2025国际能源变革论坛获悉，我国已构建起全球最大、发展最快的可再生能源体系，近10年来风电及光伏发电年新增装机规模先后突破1亿、2亿、3亿千瓦关口，风光装机目前占全球总装机近一半，新增装机占全球六成，可再生能源发电装机占比提升至60%左右。,2025-10-27 00:10:31,https://finance.eastmoney.com/a/202510273544584056.html
英唐智控收购两家半导体企业 股票今起停牌！,【英唐智控收购两家半导体企业 股票今起停牌！】电子元器件分销商英唐智控(300131)再度出手收购加码芯片业务。10月26日晚间，英唐智控公告，本次交易的标的公司为桂林光隆集成科技有限公司（以下简称“光隆集成”）、上海奥简微电子科技有限公司（以下简称“奥简微电子”）。公司股票自2025年10月27日开市时起开始停牌。,2025-10-27 00:09:21,https://finance.eastmoney.com/a/202510263544535171.html
本周有3只新股可申购 风电细分领域全球龙头来了,【本周有3只新股可申购 风电细分领域全球龙头来了】上周，2只新股的上市首日平均涨幅为263%。其中，超颖电子首日上涨近400%，单签盈利约3.4万元。根据目前安排，本周将有3只新股可申购。拟于周一（10月27日）申购的丰倍生物是国内第一梯队的废弃油脂资源综合利用企业，且是废弃油脂资源综合利用发展的重要创新者、推动者。在生物燃料方面，公司客户覆盖托克、嘉能可等全球知名大宗商品交易商，以及嘉吉、壳牌、英国石油公司等全球知名终端。在农化细分应用领域，公司目前已与丰乐种业、久易股份、泸天化、四川美丰、芭田股份等农化龙头企业达成长期合作。,2025-10-27 00:09:13,https://finance.eastmoney.com/a/202510263544511038.html
第三次涨价！老铺黄金多款饰品一夜涨20% 调价前现“抢购潮”,【第三次涨价！老铺黄金多款饰品一夜涨20% 调价前现“抢购潮”】10月26日上午，老铺黄金涨价如约而至。这是其年内第三次涨价。在调价前，记者注意到，受涨价预告影响，老铺黄金线下门店出现了新一轮“抢购潮”。10月23日，一位在国贸门店现场排队的消费者徐女士告诉记者，因线上断货，她特地乘高铁来排队购买。,2025-10-27 00:08:57,https://finance.eastmoney.com/a/202510263544550527.html
光模块龙头利好！中际旭创：公司1.6T产品正在持续起量,【光模块龙头利好！中际旭创：公司1.6T产品正在持续起量】10月26日，中际旭创在深交所互动易平台回复投资者称，公司1.6T产品正在持续起量。数据显示，截至10月26日22时，A股共有9家光模块板块上市公司披露2025年三季报，8家公司归属于上市公司股东的净利润实现同比增长。近期，多家上市公司针对光模块业务频频发声，不少公司称，看好未来市场需求。,2025-10-27 00:05:10,https://finance.eastmoney.com/a/202510263544576651.html
大消息！“海燕”完成测试 “无限射程”！普京宣布：世上独一无二的武器,【大消息！“海燕”完成测试 “无限射程”！普京宣布：世上独一无二的武器】据俄罗斯卫星社网站10月26日报道，俄罗斯总统普京26日宣布，配备核动力装置的无限射程巡航导弹“海燕”已完成测试。俄武装力量总参谋长格拉西莫夫向俄总统报告称，在10月21日进行的“海燕”导弹试验中，该导弹飞行距离达14000公里——而这并非其极限。,2025-10-27 00:05:03,https://finance.eastmoney.com/a/202510263544537786.html
兜底年内“锁单”消费者 车企抢占新能源购置税调整“窗口期”,【兜底年内“锁单”消费者 车企抢占新能源购置税调整“窗口期”】距离新能源汽车购置税开始减半征收仅剩两个月时间，车企陆续推出优惠方案抢订单。10月25日，深蓝汽车推出“跨年交付购置税现金补贴方案”。不仅是深蓝汽车，包括蔚来、小米、理想、极氪等车企均推出了相关方案，为今年锁单消费者兜底购置税。而车企“自掏腰包”兜底的背后，是车市正处于年底放量期，在长交付周期与市场增量下，车企开始利用新能源购置税调整“窗口期”促销量。,2025-10-27 00:04:40,https://finance.eastmoney.com/a/202510263544531712.html
宗馥莉的进退大考：娃哈哈之下 “娃小宗”“娃小智”何去何从,【宗馥莉的进退大考：娃哈哈之下 “娃小宗”“娃小智”何去何从】10月26日，宗馥莉回归娃哈哈后的第一个周末，其叔叔宗泽后旗下宗盛系品牌“娃小智”启动全国招商。在这场“娃哈哈”商标风波下，“娃小宗”暂缓推出，“娃小智”激进招商，叔侄的较量愈演愈烈。保证金回款、联销体协议签订、新客户签约……宏胜系下达销售任务的通知也印证着，拿回“娃哈哈”授权的宗馥莉，尽管宏胜系有多年积累的家底，但面临多线作战，在年终业绩冲刺的压力下也稍显疲态。手握“真金白银”的经销商表示，正在“娃小智”和“娃哈哈”间犹豫。更何况，农夫山泉、怡宝等竞争对手已经虎视眈眈。2024年娃哈哈有过高光时刻，今年能否达到500亿元营收，需要打个问号。,2025-10-27 00:02:38,https://finance.eastmoney.com/a/202510263544560444.html
7年5次换掌门人 陈华接任张德芹执掌茅台,【7年5次换掌门人 陈华接任张德芹执掌茅台】据央视新闻消息，记者从贵州省相关部门获悉，10月25日上午，茅台集团召开大会宣布人事调整：陈华同志任茅台集团党委书记，张德芹同志不再担任茅台集团党委书记。据悉，这是贵州茅台自2018年5月以来，7年多时间里的第5次掌门人变动。在张德芹任职茅台的一年半时间里，贵州茅台推出了公斤茅台等新品，推进了渠道变革、数字化营销等多项举措，也让茅台始终成为行业热词。,2025-10-27 00:00:49,https://finance.eastmoney.com/a/202510263544540192.html
正式更名！这家“新券商” 来了！,【正式更名！这家“新券商” 来了！】10月26日晚，国盛金控发布公告称，公司中文名称已由“国盛金融控股集团股份有限公司”变更为“国盛证券股份有限公司”。公司已于10月24日完成公司名称、注册地址、经营范围的变更登记手续与修订公司章程的备案手续，并取得南昌市市场监督管理局核准换发的《营业执照》。,2025-10-27 00:00:01,https://finance.eastmoney.com/a/202510263544579471.html
花旗集团在利雅得设立总部 标志着其向沙特扩张,花旗集团在利雅得设立总部，标志着其向沙特扩张。,2025-10-26 23:46:13,https://finance.eastmoney.com/a/202510263544580319.html
马拉维多个地区因粮荒进入灾难状态,【马拉维多个地区因粮荒进入灾难状态】当地时间25日，马拉维总统穆塔里卡宣布，因持续干旱及其他因素导致的粮食不安全状况，全国11个行政区进入灾难状态。穆塔里卡通过政府首席秘书贾斯廷·赛义迪发表的声明说，进入灾难状态的地区包括该国中部的3个行政区和南部的8个行政区。政府已开始向受灾地区提供人道援助，并将加强农业灌溉。声明呼吁国内外各界对灾区和受灾民众提供支持。,2025-10-26 23:25:24,https://finance.eastmoney.com/a/202510263544572638.html
四川甘孜州乡城县发生4.7级地震 震源深度15千米,【四川甘孜州乡城县发生4.7级地震 震源深度15千米】中国地震台网正式测定：10月26日23时02分在四川甘孜州乡城县（北纬29.08度，东经99.65度）发生4.7级地震，震源深度15千米。,2025-10-26 23:15:50,https://finance.eastmoney.com/a/202510263544571042.html
钟声：共同维护好来之不易的磋商成果,【钟声：共同维护好来之不易的磋商成果】当地时间10月25日至26日，中美在马来西亚吉隆坡举行新一轮经贸磋商。双方以今年以来两国元首历次通话重要共识为引领，围绕一系列重要经贸问题进行了坦诚、深入、富有建设性的交流磋商，就解决各自关切的安排达成基本共识。这一成果来之不易，也再次表明，中美两个大国在经贸问题上有分歧很正常，但只要坐下来谈，秉持平等协商和建设性立场，完全可以妥处分歧，找到正确相处之道。,2025-10-26 23:06:15,https://finance.eastmoney.com/a/202510263544568282.html
乌称一制药企业遭俄导弹袭击 初步损失超1亿美元,【乌称一制药企业遭俄导弹袭击 初步损失超1亿美元】当地时间26日从乌克兰方面获悉，25日，俄军使用弹道导弹对乌首都基辅发动袭击，导致一制药企业的仓库和办公楼被摧毁。据悉，该制药企业占地29000平方米的仓储设施被完全摧毁，初步估算经济损失超过1亿美元。俄方对此暂无回应。,2025-10-26 22:57:15,https://finance.eastmoney.com/a/202510263544566394.html
瑞士制药公司诺华据悉接近以每股70美元以上的价格收购美国生物技术公司Avidity Biosciences,【瑞士制药公司诺华据悉接近以每股70美元以上的价格收购美国生物技术公司Avidity Biosciences】瑞士制药公司诺华（Novartis）据悉接近以每股70美元以上的价格收购美国生物技术公司Avidity Biosciences，协议最早将在当地时间周日宣布。,2025-10-26 22:53:18,https://finance.eastmoney.com/a/202510263544565375.html
美方威胁再加征关税引发加拿大多方不满,【美方威胁再加征关税引发加拿大多方不满】美国方面25日威胁对加拿大再加征10%关税，截至发稿，美方尚未明确此举将具体涉及哪些加拿大商品。而对于美方的威胁言论，加拿大汽车工人联合会及舆论也表达了不满。,2025-10-26 22:46:24,https://finance.eastmoney.com/a/202510263544561448.html
塞舌尔当选总统赫米尼耶宣誓就职,【塞舌尔当选总统赫米尼耶宣誓就职】当地时间10月26日，塞舌尔当选总统帕特里克·赫米尼耶在首都维多利亚宣誓就职，开启5年任期。塞舌尔选举委员会10月12日公布总统选举结果，联合塞舌尔党候选人赫米尼耶在总统选举第二轮投票中获胜，当选总统。赫米尼耶现年62岁，医生出身，2007年至2016年曾担任塞舌尔国民议会议长。,2025-10-26 22:43:22,https://finance.eastmoney.com/a/202510263544559410.html
俄总统特别代表：已向美方通报“海燕”核动力导弹试射情况,【俄总统特别代表：已向美方通报“海燕”核动力导弹试射情况】当地时间10月26日，俄罗斯总统特别代表基里尔·德米特里耶夫表示，美国方面已得到了有关俄成功试射“海燕”核动力巡航导弹的信息通报。同时，在同美方相关人士的会谈中，他传递了俄总统普京的立场，即只有具有建设性和相互尊重的对话才能带来成果。德米特里耶夫还表示，近期，俄罗斯国家杜马议员将与美国国会议员举行会谈。,2025-10-26 22:26:29,https://finance.eastmoney.com/a/202510263544551910.html
以军袭击黎巴嫩南部和东部 致2人死亡,【以军袭击黎巴嫩南部和东部 致2人死亡】当地时间26日从黎巴嫩方面获悉，黎南部城镇纳库拉附近遭到以色列无人机袭击，造成1人死亡。据悉，此次袭击目标是黎真主党指挥官阿卜杜勒·赛义德。此外，当天以军还袭击了黎东部贝卡谷地的一辆汽车。黎巴嫩卫生部称袭击导致1人死亡。以色列方面对此暂无回应。,2025-10-26 22:20:34,https://finance.eastmoney.com/a/202510263544548374.html
下周资本市场大事提醒：美联储将于美东时间周三公布利率决定 市场预期再次降息25个基点,【下周资本市场大事提醒：美联储将于美东时间周三公布利率决定 市场预期再次降息25个基点】1、10月31日，国家统计局将公布10月PMI数据。此前数据显示，9月份，制造业采购经理指数（PMI）为49.8%，比上月上升0.4个百分点，制造业景气水平继续改善。2、2025金融街论坛年会将于10月27日至30日在北京金融街举行，主题为“创新、变革、重塑下的全球金融发展”。3、10月27日24时，国内成品油零售限价将迎来新一轮调整时间窗口。本轮成品油零售限价大概率将下调，这也意味着将迎来今年以来第九次下调。,2025-10-26 22:14:29,https://finance.eastmoney.com/a/202510263544545521.html
航行警告 渤海潍坊港实弹射击,【航行警告 渤海潍坊港实弹射击】据中国海事局网站消息，潍坊海事局发布航行警告，10月27日0时至14时，渤海潍坊港部分海域进行实弹射击，禁止驶入。,2025-10-26 22:01:03,https://finance.eastmoney.com/a/202510263544540829.html
本月近十家A股上市公司筹划赴港上市 四方精创拟发行H股股票并在香港联交所上市,【本月近十家A股上市公司筹划赴港上市 四方精创拟发行H股股票并在香港联交所上市】近期，A股公司赴港上市热潮延续。据不完全统计，截至发稿，10月迄今（10.9-10.26）包括四方精创、汉得信息、道通科技、万源通、华工科技、海特生物、汉威科技、迈瑞医疗和泰凌微在内的9家A股上市公司披露筹划赴港上市。其中，四方精创今日公告，拟境外发行股份（H股）并在香港联交所上市。,2025-10-26 21:54:05,https://finance.eastmoney.com/a/202510263544537437.html
《王者荣耀》十周年：日活达1.39亿 开放世界新游明春上线,【《王者荣耀》十周年：日活达1.39亿 开放世界新游明春上线】2015年公测的《王者荣耀》迎来十周年庆，其国服DAU（日活跃用户数）达1.39亿，全球MAU（月活跃用户数）超过2.6亿。,2025-10-26 21:45:32,https://finance.eastmoney.com/a/202510263544526855.html
沙特8月石油出口价值同比增长7%,沙特8月石油出口价值同比增长7%。,2025-10-26 21:40:35,https://finance.eastmoney.com/a/202510263544529174.html
十余家A股上市公司本周披露并购重组最新公告 英唐智控筹划购买光隆集成100%股权和奥简微电子76%股权股票明起停牌,【十余家A股上市公司本周披露并购重组最新公告 英唐智控筹划购买光隆集成100%股权和奥简微电子76%股权股票明起停牌】据不完全统计，截至发稿，本周14家A股上市公司披露并购重组进展最新公告。其中，英唐智控筹划购买光隆集成100%股权和奥简微电子76%股权，股票明起停牌。,2025-10-26 21:28:24,https://finance.eastmoney.com/a/202510263544522665.html
