代码,名称,现价,正股代码,正股名称,规模,剩余规模,转股起始日,转股价,强赎触发比,强赎触发价,正股价,强赎价,强赎天计数,强赎条款,强赎状态
113535,大业转债,128.133,603278,大业股份,5.0,0.481,2019-11-15,9.59,130,12.47,12.34,101.381,15/15 | 30,在本次发行的可转债转股期内，如果公司A股股票连续30个交易日中至少有15个交易日的收盘价格不低于当期转股价格的130%(含 130%),已公告强赎
123164,法本转债,108.785,300925,法本信息,6.007,0.891,2023-04-27,11.09,130,14.42,12.06,100.12,16/15 | 30,如果公司股票在任意连续 30 个交易日中至少 15 个交易日的收盘价格不低于当期转股价格的 130%（含 130%）,已公告强赎
118017,深科转债,153.702,688328,深科达,3.6,1.966,2023-02-13,26.68,130,34.68,41.15,,19/15 | 30,如果公司股票在连续三十个交易日中至少十五个交易日的收盘价格不低于当期转股价格的 130%（含 130%）；,公告要强赎
128033,迪龙转债,105.95,002658,雪迪龙,5.2,2.566,2018-07-03,7.87,130,10.23,8.14,,"临近到期 <span style=""color:red;font-weight:bold;"">!</span><br>2023-12-22 最后交易",在转股期内，公司股票连续三十个交易日中至少十五个交易日的收盘价格不低于当期转股价格的 130%（含 130%）,已公告强赎
113017,Z吉视转,105.877,601929,吉视传媒,15.6,7.379,2018-07-03,2.11,130,2.74,1.99,,"临近到期 <span style=""color:red;font-weight:bold;"">!</span><br>2023-12-27 债券到期",在本次发行的可转换公司债券转股期内，如果公司 A 股股票连续三十个交易日中至少有十五个交易日的收盘价格不低于当期转股价格的 130%（含130%）,已公告强赎
128034,江银转债,105.988,002807,江阴银行,20.0,17.579,2018-08-01,3.96,130,5.15,3.49,,"临近到期 <span style=""color:red;font-weight:bold;"">!</span><br>2024-01-23 最后交易","在本次发行可转债的转股期内,如果公司A股股票连续三十个交易日中至少有十五个交易日的收盘价格不低于当期转股价格的130%(含130%)",已公告强赎
128049,华源转债,128.98,002787,华源控股,4.0,2.008,2019-06-03,7.37,130,9.58,9.28,,14/15 | 30,在本次发行的可转换公司债券转股期内，如果公司 A 股股票连续三十个交易日中至少有十五个交易日的收盘价格不低于当期转股价格的 130%（含130%）,
123127,耐普转债,136.7,300818,耐普矿机,4.0,3.997,2022-05-05,24.4,130,31.72,32.79,,14/15 | 30,如果公司股票连续三十个交易日中至少有十五个交易日的收盘价不低于当期转股价格的 130%(含 130%),
113519,长久转债,133.324,603569,长久物流,7.0,2.2,2019-05-13,11.04,130,14.35,13.28,,11/15 | 30,在转股期内，如果公司股票在任何连续 30 个交易日中至少 15 个交易日的收盘价格不低于当期转股价格的 130%（含 130%）,
110061,川投转债,173.742,600674,川投能源,40.0,28.588,2020-05-15,8.4,130,10.92,14.59,,9/15 | 30,在转股期内，如果公司股票在任何连续三十个交易日中至少有十五个交易日的收盘价格不低于当期转股价格的130%(含 130%),
113594,淳中转债,131.497,603516,淳中科技,3.0,2.995,2021-01-27,17.93,130,23.31,21.47,,9/15 | 30,如果公司股票在任何连续三十个交易日中至少十五个交易日的收盘价格不低于当期转股价格的 130%(含 130%),
128090,汽模转2,132.8,002510,天汽模,4.71,3.082,2020-07-03,4.23,130,5.5,5.06,,7/15 | 30,如果公司股票在任何连续三十交易日中至少十五个交易日的收盘价格不低于当期转股价格的130%(含 130%),
123187,超达转债,128.0,301186,超达装备,4.69,4.53,2023-10-11,32.6,130,42.38,39.5,,11/15 | 30,如果公司股票在任意连续三十个交易日中至少有十五个交易日的收盘价格不低于当期转股价格的130%（含）,
111012,福新转债,133.918,605488,福莱新材,4.29,3.119,2023-07-10,13.73,130,17.85,18.24,,6/15 | 30,如果公司股票连续三十个交易日中至少有十五个交易日的收盘价不低于当期转股价格的 130%（含 130%）,
113066,平煤转债,129.515,601666,平煤股份,29.0,27.695,2023-09-22,9.06,130,11.78,11.73,,3/15 | 30,如果公司股票在任何连续30个交易日中至少15个交易日的收盘价格不低于当期转股价格的130%（含）,
128143,锋龙转债,145.822,002931,锋龙股份,2.45,1.734,2021-07-14,12.63,130,16.42,17.0,,2/15 | 30,公司股票在任何连续三十个交易日中至少十五个交易日收盘价格不低于当期转股价格的 130%(含 130%),
111011,冠盛转债,133.995,605088,冠盛股份,6.017,6.016,2023-07-10,17.61,130,22.89,23.2,,1/15 | 30,如果公司股票连续 30 个交易日中至少有 15 个交易日的收盘价格不低于当期转股价格的 130%（含 130%）,
123167,商络转债,132.188,300975,商络电子,3.965,3.937,2023-05-23,6.91,130,8.98,7.79,,3/15 | 30,如果公司 A 股股票在任意连续三十个交易日中至少十五个交易日的收盘价格不低于当期转股价格的 130%（含 130%）,
113546,迪贝转债,129.435,603320,迪贝电气,2.299,2.295,2020-04-29,13.72,130,17.84,15.63,,1/15 | 30,在转股期内，如果公司股票在任何连续三十个交易日中至少十五个交易日的收盘价格不低于当期转股价格的 130%(含 130%),
123059,银信转债,132.704,300231,银信科技,3.914,3.907,2021-01-21,9.45,130,12.29,10.31,,4/15 | 30,如果公司股票在任何连续三十个交易日中至少十五个交易日的收盘价格不低于当期转股价格的 130%(含 130%),
123078,飞凯转债,130.931,300398,飞凯材料,8.25,6.182,2021-06-03,15.41,120,18.49,15.66,,8/15 | 30,如果公司A股股票连续三十个交易日中至少有十五个交易日的收盘价格不低于当期转股价格的120%(含120%),
128042,凯中转债,125.663,002823,凯中精密,4.16,4.02,2019-02-03,10.05,130,13.06,12.28,,2/15 | 30,在本次发行的可转债转股期内，如果公司 A 股股票连续三十个交易日中至少有十五个交易日的收盘价格不低于当期转股价格的 130%（含 130%）,
123099,普利转债,128.22,300630,普利制药,8.5,5.311,2021-08-23,19.76,130,25.69,21.69,,4/15 | 30,如果公司 A 股股票在任意连续三十个交易日中至少十五个交易日的收盘价格不低于当期转股价格的 130%(含 130%),
113628,晨丰转债,125.721,603685,晨丰科技,4.15,4.149,2022-02-28,12.94,130,16.82,15.34,,0/30 | 30,在本次发行的可转债转股期内，如果公司股票连续三十个交易日的收盘价格不低于当期转股价格的130%（含130%）,
113045,环旭转债,111.637,601231,环旭电子,34.5,34.499,2021-12-10,19.06,130,24.78,14.58,,0/20 | 30,如果公司A股股票连续30个交易日中至少有20个交易日的收盘价格不低于当期转股价格的130%(含130%),
123114,三角转债,116.79,300775,三角防务,9.044,9.005,2021-11-30,31.72,130,41.24,24.64,,0/20 | 30,如果公司股票连续三十个交易日中至少有二十个交易日的收盘价格不低于当期转股价格的130%(含130%),
127075,百川转2,103.4,002455,百川股份,9.78,9.779,2023-04-25,10.31,130,13.4,6.99,,0/20 | 30,如果公司股票在任意连续三十个交易日中至少二十个交易日的收盘价格不低于当期转股价格的 130%（含 130%）,
123113,仙乐转债,106.499,300791,仙乐健康,10.249,10.248,2021-10-25,56.07,130,72.89,33.39,,0/20 | 30,如果公司股票连续三十个交易日中至少有二十个交易日的收盘价不低于当期转股价格的130%(含130%),
113589,天创转债,100.547,603608,天创时尚,6.0,5.995,2021-01-04,12.29,130,15.98,6.03,,0/20 | 30,如果公司A股股票连续三十个交易日中至少有二十个交易日的收盘价不低于当期转股价格的130%(含 130%),
128122,兴森转债,144.697,002436,兴森科技,2.689,2.679,2021-01-29,13.43,130,17.46,14.6,,0/20 | 30,如果公司股票在任何连续三十个交易日中至少二十个交易日的收盘价格不低于当期转股价格的130%(含130%),
123160,泰福转债,122.808,300992,泰福泵业,3.349,3.349,2023-04-11,19.82,130,25.77,21.31,,0/15 | 30,如果公司股票在连续 30 个交易日中至少 15 个交易日的收盘价格不低于当期转股价格的 130%（含 130%）,
123159,崧盛转债,114.25,301002,崧盛股份,2.944,2.943,2023-04-10,24.45,130,31.79,20.25,,0/15 | 30,如果公司股票在连续 30 个交易日中至少 15 个交易日的收盘价格不低于当期转股价格的 130%（含 130%）；,
123191,智尚转债,114.579,300918,南山智尚,6.996,6.996,2023-10-16,12.17,130,15.82,10.27,,0/15 | 30,如果公司股票在任何连续三十个交易日中至少十五个交易日的收盘价格不低于当期转股价格的 130%（含 130%）,
123161,强联转债,113.701,300850,新强联,12.1,12.1,2023-04-17,40.36,130,52.47,29.11,,0/15 | 30,如果公司股票连续三十个交易日中至少有十五个交易日的收盘价格不低于当期转股价格的 130%（含 130%）,
123190,道氏转02,100.068,300409,道氏技术,26.0,25.999,2023-10-13,15.41,130,20.03,10.45,,0/15 | 30,如果公司股票在任何连续三十个交易日中至少十五个交易日的收盘价格不低于当期转股价格的 130%（含 130%）；,
123197,光力转债,133.3,300480,光力科技,4.0,3.996,2023-11-13,21.28,130,27.66,21.12,,0/15 | 30,如果公司股票在任意连续三十个交易日中至少十五个交易日的收盘价格不低于当期转股价格的 130%（含 130%）,
123162,东杰转债,113.403,300486,东杰智能,5.7,5.626,2023-04-20,8.05,130,10.46,6.88,,0/15 | 30,如果公司股票在任意连续三十个交易日中至少有十五个交易日的收盘价格不低于当期转股价格的 130%（含 130%）,
123198,金埔转债,115.128,301098,金埔园林,5.2,5.2,2023-12-14,12.21,130,15.87,11.68,,0/15 | 30,如果公司股票在连续 30 个交易日中至少15 个交易日的收盘价格不低于当期转股价格的 130%（含 130%）,
123199,山河转债,115.72,300452,山河药辅,3.2,3.2,2023-12-18,18.25,130,23.73,14.2,,0/15 | 30,如果公司股票在任意连续三十个交易日中至少十五个交易日的收盘价格不低于当期转股价格的130%（含130%）,
127005,长证转债,104.518,000783,长江证券,50.0,49.964,2018-09-17,6.71,130,8.72,5.34,,0/15 | 30,转股期内，如果公司股票连续三十个交易日中至少有十五个交易日的收盘价不低于当期转股价格的 130%（含 130%）,
123158,宙邦转债,128.8,300037,新宙邦,19.7,19.695,2023-03-30,42.09,130,54.72,46.48,,0/15 | 30,如果公司股票在任意连续三十个交易日中至少十五个交易日的收盘价格不低于当期转股价格的 130%（含 130%）,
123152,润禾转债,125.777,300727,润禾材料,2.924,2.923,2023-01-30,29.03,130,37.74,28.99,,0/15 | 30,如果公司股票在任意连续三十个交易日中至少十五个交易日的收盘价格不低于当期转股价格的 130%（含 130%）,
123151,康医转债,109.351,300869,康泰医学,7.0,6.998,2023-01-09,28.1,130,36.53,20.39,,0/15 | 30,如果公司 A 股股票在任意连续三十个交易日中至少十五个交易日的收盘价格不低于当期转股价格的 130%（含 130%）,
123192,科思转债,138.4,300856,科思股份,7.249,7.242,2023-10-19,52.03,130,67.64,61.93,,0/15 | 30,如果公司股票在任何连续三十个交易日中至少十五个交易日的收盘价格不低于当期转股价格的 130%（含 130%）,
123150,九强转债,131.693,300406,九强生物,11.39,11.21,2023-01-06,17.55,130,22.82,20.3,,0/15 | 30,如果公司股票连续三十个交易日中至少有十五个交易日的收盘价格不低于当期转股价格的 130%（含 130%）,
123153,英力转债,119.153,300956,英力股份,3.4,3.4,2023-01-30,19.24,130,25.01,17.91,,0/15 | 30,如果公司股票在连续三十个交易日中至少十五个交易日的收盘价格不低于当期转股价格的 130%（含 130%）,
123154,火星转债,106.407,300894,火星人,5.29,5.29,2023-02-13,33.49,130,43.54,15.84,,0/15 | 30,如果公司 A 股股票在任意连续三十个交易日中至少十五个交易日的收盘价格不低于当期转股价格的 130%（含 130%）,
123163,金沃转债,125.39,300984,金沃股份,3.1,3.1,2023-04-20,27.08,130,35.2,28.45,,0/15 | 30,如果公司 A 股股票在任意连续三十个交易日中至少十五个交易日的收盘价格不低于当期转股价格的 130%（含 130%）,
123157,科蓝转债,126.3,300663,科蓝软件,4.946,4.945,2023-03-06,16.01,130,20.81,14.44,,0/15 | 30,如果公司 A 股股票在任意连续三十个交易日中至少十五个交易日的收盘价格不低于当期转股价格的 130%（含 130%）；,
123156,博汇转债,118.91,300839,博汇股份,3.97,3.969,2023-02-22,10.69,130,13.9,10.13,,0/15 | 30,如果公司股票连续三十个交易日中至少有十五个交易日的收盘价格不低于当期转股价格的 130%（含 130%）,
123155,中陆转债,104.61,301040,中环海陆,3.6,3.6,2023-02-20,31.76,130,41.29,18.3,,0/15 | 30,如果公司股票在连续三十个交易日中至少十五个交易日的收盘价格不低于当期转股价格的 130%（含 130%）,
127006,敖东转债,107.82,000623,吉林敖东,24.13,23.309,2018-09-19,14.21,130,18.47,15.13,,0/15 | 30,在本次发行的可转换公司债券转股期内，如果公司 A 股股票连续三十个交易日中至少有十五个交易日的收盘价格不低于当期转股价格的 130%（含130%）,
123165,回天转债,106.88,300041,回天新材,8.5,8.5,2023-05-04,15.45,130,20.09,9.74,,0/15 | 30,如果公司股票连续三十个交易日中至少有十五个交易日的收盘价格不低于当期转股价格的 130%（含 130%）,
123173,恒锋转债,133.788,300605,恒锋信息,2.424,2.423,2023-07-06,13.81,130,17.95,15.22,,0/15 | 30,如果公司股票连续三十个交易日中至少有十五个交易日的收盘价不低于当期转股价格的 130%（含 130%）,
123172,漱玉转债,117.521,301017,漱玉平民,8.0,8.0,2023-06-21,21.16,130,27.51,19.23,,0/15 | 30,如果公司股票在任何连续三十个交易日中至少十五个交易日的收盘价格不低于当期转股价格的 130%（含 130%）,
123149,通裕转债,111.355,300185,通裕重工,14.847,14.843,2022-12-26,2.74,130,3.56,2.36,,0/15 | 30,如果公司股票在任意连续三十个交易日中至少十五个交易日的收盘价格不低于当期转股价格的 130%（含 130%）；,
123193,海能转债,110.521,300787,海能实业,6.0,6.0,2023-10-19,21.74,130,28.26,16.17,,0/15 | 30,如果公司股票在任何连续三十个交易日中至少有十五个交易日的收盘价格不低于当期转股价格的 130%（含130%）,
123174,精锻转债,129.6,300258,精锻科技,9.8,9.799,2023-08-21,12.97,130,16.86,13.39,,0/15 | 30,如果公司股票在任何连续三十个交易日中至少有十五个交易日的收盘价格不低于当期转股价格的 130%（含130%）；,
123183,海顺转债,112.72,300501,海顺新材,6.33,6.33,2023-10-09,18.15,130,23.59,14.22,,0/15 | 30,如果公司股票在任何连续三十个交易日中至少十五个交易日的收盘价格不低于当期转股价格的130%（含）,
123179,立高转债,105.796,300973,立高食品,9.5,9.5,2023-09-13,96.52,130,125.48,46.5,,0/15 | 30,如果公司股票在任意连续三十个交易日中至少十五个交易日的收盘价格不低于当期转股价格的130%（含）,
123178,花园转债,111.865,300401,花园生物,12.0,12.0,2023-09-11,15.05,130,19.57,11.92,,0/15 | 30,公司股票任何连续三十个交易日中至少十五个交易日的收盘价格不低于当期转股价格的130%（含）,
123182,广联转债,108.881,300900,广联航空,7.0,7.0,2023-09-28,32.1,130,41.73,23.21,,0/15 | 30,如果公司股票连续三十个交易日中至少十五个交易日的收盘价格不低于当期转股价格的130%（含）,
123175,百畅转债,109.0,300614,百川畅银,4.2,4.2,2023-08-28,24.0,130,31.2,18.7,,0/15 | 30,如果公司股票在任意连续三十个交易日中至少十五个交易日的收盘价格不低于当期转股价格的 130%（含 130%）,
123171,共同转债,114.891,300966,共同药业,3.8,3.799,2023-06-02,27.14,130,35.28,22.92,,0/15 | 30,如果公司股票在任意连续三十个交易日中至少十五个交易日的收盘价格不低于当期转股价格的 130%（含 130%）,
123170,南电转债,119.838,300346,南大光电,9.0,8.998,2023-05-30,33.89,130,44.06,27.46,,0/15 | 30,如果公司 A 股股票在任意连续三十个交易日中至少十五个交易日的收盘价格不低于当期转股价格的 130%,
123196,正元转02,114.8,300645,正元智慧,3.507,3.507,2023-10-24,21.99,130,28.59,18.32,,0/15 | 30,如果公司A股股票在任意连续三十个交易日中至少十五个交易日的收盘价格不低于当期转股价格的130%（含）,
123186,志特转债,102.64,300986,志特新材,6.14,6.14,2023-10-09,27.22,130,35.39,12.4,,0/15 | 30,如果公司A股股票连续三十个交易日中至少有十五个交易日的收盘价不低于当期转股价格的130%（含）,
123188,水羊转债,135.17,300740,水羊股份,6.95,6.95,2023-10-11,13.61,130,17.69,16.73,,0/15 | 30,如果公司 A 股股票在任意连续三十个交易日中至少十五个交易日的收盘价格不低于当期转股价格的130%（含）,
123180,浙矿转债,108.02,300837,浙矿股份,3.2,3.2,2023-09-15,48.49,130,63.04,29.75,,0/15 | 30,如果公司 A 股股票在任意连续三十个交易日中至少十五个交易日的收盘价格不低于当期转股价格的130%（含）,
123166,蒙泰转债,117.111,300876,蒙泰高新,3.0,2.999,2023-05-08,25.95,130,33.73,24.74,,0/15 | 30,如果公司股票在任何连续三十个交易日中至少有十五个交易日的收盘价格不低于当期转股价格的 130%（含 130%）,
123185,能辉转债,112.486,301046,能辉科技,3.479,3.479,2023-10-09,32.8,130,42.64,26.07,,0/15 | 30,如果公司 A 股股票在任意连续三十个交易日中至少十五个交易日的收盘价格不低于当期转股价格的130%（含）,
123169,正海转债,113.916,300224,正海磁材,14.0,13.996,2023-05-29,13.03,130,16.94,11.38,,0/15 | 30,如果公司股票在任意连续三十个交易日中至少有十五个交易日的收盘价格不低于当期转股价格的 130%（含 130%）,
123195,蓝晓转02,120.53,300487,蓝晓科技,5.461,5.46,2023-10-23,61.19,130,79.55,50.76,,0/15 | 30,如果公司股票在任何连续三十个交易日中至少十五个交易日的收盘价格不低于当期转股价格的130%（含130%）；,
123184,天阳转债,119.827,300872,天阳科技,9.75,9.75,2023-10-09,14.92,130,19.4,13.78,,0/15 | 30,如果公司 A 股股票在任意连续三十个交易日中至少十五个交易日的收盘价格不低于当期转股价格的130%（含）,
123168,惠云转债,114.278,300891,惠云钛业,4.9,4.9,2023-05-29,10.78,130,14.01,9.53,,0/15 | 30,如果公司股票连续三十个交易日中至少有十五个交易日的收盘价格不低于当期转股价格的 130%（含 130%）,
123189,晓鸣转债,109.637,300967,晓鸣股份,3.29,3.29,2023-10-12,19.46,130,25.3,14.32,,0/15 | 30,在本次可转债转股期内，如果公司股票连续三十个交易日中至少有十五个交易日的收盘价格不低于当期转股价格的130%（含）,
123135,泰林转债,128.418,300813,泰林生物,2.1,2.082,2022-07-04,25.3,130,32.89,24.52,,0/15 | 30,如果公司A股股票连续三十个交易日中至少有十五个交易日的收盘价不低于当期转股价格的130%（含 130%）。,
123087,明电转债,121.72,300739,明阳电路,6.73,4.189,2021-06-21,15.57,130,20.24,15.11,,0/15 | 30,如果公司股票在任何连续三十个交易日中至少十五个交易日的收盘价格不低于当期转股价格的 130%(含 130%),
123088,威唐转债,121.714,300707,威唐工业,3.014,3.008,2021-06-21,20.62,130,26.81,17.07,,0/15 | 30,如果公司A股股票在连续三十个交易日内至少有十五个交易日的收盘价不低于当期转股价格的130%(含 130%),
123082,北陆转债,114.867,300016,北陆药业,5.0,4.993,2021-06-11,8.68,130,11.28,7.13,,0/15 | 30,如果公司A股股票在任意连续三十个交易日中至少十五个交易日的收盘价格不低于当期转股价格的130%(含130%),
123080,海波转债,136.515,300517,海波重科,2.45,1.489,2021-06-08,11.5,130,14.95,13.44,,0/15 | 30,如果公司股票在任意连续三十个交易日中至少十五个交 易日的收盘价格不低于当期转股价格的 130%(含 130%),
123072,乐歌转债,127.205,300729,乐歌股份,1.42,1.418,2021-04-27,35.47,130,46.11,16.81,,0/15 | 30,如果公司股票在任意连续三十个交易日中至少十五个交易日的收盘价格不低于当期转股价格的130%(含 130%),
123076,强力转债,112.307,300429,强力新材,8.5,8.498,2021-05-25,18.9,130,24.57,12.85,,0/15 | 30,如果公司股票在任何连续三十个交易日中至少十五个交易日的收盘价格不低于当期转股价格的 130%(含 130%),
123089,九洲转2,119.827,300040,九洲集团,5.0,3.06,2021-06-25,5.57,130,7.24,5.47,,0/15 | 30,如果公司股票在任何连续三十个交易日中至少有十五个交易日的收盘价格不低于当期转股价格的 130%(含 130%),
123090,三诺转债,122.316,300298,三诺生物,5.0,4.984,2021-06-25,34.81,130,45.25,31.45,,0/15 | 30,如果公司A股股票在任意连续三十个交易日中至少十五个 交易日的收盘价格不低于当期转股价格的 130%(含 130%),
123100,朗科转债,117.0,300543,朗科智能,3.8,3.797,2021-08-23,11.54,130,15.0,10.49,,0/15 | 30,如果公司股票在任何连续三十个交易日中至少有十五个交易日的收盘价格不低于当期转股价格的130%(含 130%),
123101,拓斯转债,112.06,300607,拓斯达,6.7,6.697,2021-09-16,26.16,130,34.01,15.53,,0/15 | 30,如果公司 A 股股票连续三十个交易日中至少有十五个交易日的收盘价不低于当期转股价格的 130%(含 130%),
123096,思创转债,102.401,300078,思创医惠,8.17,6.594,2021-08-02,4.5,130,5.85,4.49,,0/15 | 30,如果公司股票在任意连续三十个交易日中至少十五个交易日的收盘价格不低于当期转股价格的130%(含 130%),
110043,无锡转债,105.523,600908,无锡银行,30.0,29.21,2018-08-05,5.43,130,7.06,4.81,,0/15 | 30,在本次发行可转债的转股期内，如果发行人 A 股股票连续三十个交易日中至少有十五个交易日的收盘价格不低于当期转股价格的 130%（含 130%）,
123091,长海转债,108.974,300196,长海股份,5.5,5.497,2021-06-29,15.79,130,20.53,10.74,,0/15 | 30,如果公司A股股票连续三十个交易日中至少有十五个交易日的收盘价格不低于当期转股价格的 130%(含 130%),
123071,天能转债,117.671,300569,天能重工,7.0,6.94,2021-04-27,7.54,130,9.8,6.93,,0/15 | 30,如果公司股票在任何连续三十个交易日中至少十五个交易日的收盘价格不低于当期转股价格的130%(含130%),
123067,斯莱转债,129.738,300382,斯莱克,3.88,2.394,2021-03-23,9.66,130,12.56,9.4,,0/15 | 30,如果公司股票在任意连续30个交易日中至少有十五个交易日的收盘价格不低于当期转股价格的130%(含 130%);,
123048,应急转债,117.501,300527,中船应急,8.189,3.79,2020-10-16,8.86,130,11.52,7.44,,0/15 | 30,如果公司股票在任何连续三十个交易日中至少有十五个交易日的收盘价格不低于当期转股价格的 130% (含 130%),
123049,维尔转债,103.487,300190,维尔利,9.172,9.17,2020-10-19,7.23,130,9.4,4.23,,0/15 | 30,如果公司A股股票连续三十个交易日中至 少有十五个交易日的收盘价不低于当期转股价格的130%(含 130%),
123044,红相转债,101.599,300427,*ST红相,5.85,5.493,2020-09-18,7.08,130,9.2,6.44,,0/15 | 30,如果公司股票连续三十个交易日中至少有十五个交易日的收盘价格不低于当期转股价格的 130%(含 130%),
123039,开润转债,115.27,300577,开润股份,2.23,2.216,2020-07-02,29.73,130,38.65,15.04,,0/15 | 30,如果公司股票在任何连续三十个交易日中至少十五个交易日的收盘价格不低于当期转股价格的130%(含 130%),
123035,利德转债,113.942,300296,利亚德,8.0,7.987,2020-05-20,6.87,130,8.93,5.72,,0/15 | 30,如果公司A股股票在任意连续三十个交易日中至少十五个交易日的收盘价格不低于当期转股价格的130%(含 130%),
123050,聚飞转债,133.32,300303,聚飞光电,7.047,3.746,2020-10-20,4.88,130,6.34,5.69,,0/15 | 30,如果公司A股股票连续30个交易日中至少有15个交易日的收盘价格不低于当期转股价格的 130%(含 130%),
123052,飞鹿转债,143.61,300665,飞鹿股份,1.77,1.502,2020-12-11,7.09,130,9.22,8.57,,0/15 | 30,如果公司A股股票连续三十个交易日中至少有十五个交易日的收盘价格不低于当期转股价格的130%(含 130%),
123064,万孚转债,110.5,300482,万孚生物,6.0,5.979,2021-03-08,51.23,130,66.6,30.15,,0/15 | 30,在转股期内，如果公司股票在任意连续三十个交易日中至少十五个交易日的收盘价格不低于当期转股价格的 130%（含 130%）；,
123065,宝莱转债,115.262,300246,宝莱特,2.19,2.188,2021-03-11,24.02,130,31.23,10.51,,0/15 | 30,如果公司股票在任何连续三十个交易日中至少十五个交易日的收盘价格不低于当期转股价格的130%(含 130%),
123063,大禹转债,121.0,300021,大禹节水,6.38,6.345,2021-02-03,4.63,130,6.02,4.77,,0/15 | 30,如果公司股票在任意连续三十个交易日中至少十五个交易日的收盘价格不低于当期转股价格的 130%(含 130%),
123061,航新转债,123.57,300424,航新科技,2.5,2.496,2021-01-28,14.83,130,19.28,13.11,,0/15 | 30,如果公司股票在任意连续三十个交易日中至少十五个交易日的收盘价格不低于当期转股价格的 130%(含 130%),
123056,雪榕转债,108.45,300511,雪榕生物,5.85,5.84,2021-01-04,11.15,120,13.38,5.44,,0/15 | 30,如果公司股票在任何连续三十个交易日中至少十五个交易日的收盘价格不低于当期转股价格的 120%(含 120%),
123103,震安转债,110.92,300767,震安科技,2.85,2.494,2021-09-22,47.39,130,61.61,17.01,,0/15 | 30,如果公司股票连续三十个交易日中至少有十五个交易日的收盘价不低于当期转股价格的 130%(含 130%),
123104,卫宁转债,112.41,300253,卫宁健康,9.703,9.7,2021-09-22,17.71,130,23.02,7.3,,0/15 | 30,如果公司股票在任意连续三十个交易日中至少十五个交易日的收盘价格不低于当期转股价格的130%(含130%),
123133,佩蒂转债,110.365,300673,佩蒂股份,7.2,7.198,2022-06-28,17.83,130,23.18,13.04,,0/15 | 30,如果公司股票在任何连续三十个交易日中至少十五个交易日的收盘价格不低于当期转股价格的 130%(含 130%),
127007,湖广转债,115.14,000665,湖北广电,17.336,3.677,2019-01-04,5.58,130,7.25,5.29,,0/15 | 30,在本次发行的可转换公司债券转股期内，如果公司 A 股股票连续 30 个交易日中至少有 15 个交易日的收盘价格不低于当期转股价格的 130%（含 130%）,
123132,回盛转债,105.298,300871,回盛生物,7.0,6.999,2022-06-23,27.71,130,36.02,14.33,,0/15 | 30,如果公司股票在任意连续三十个交易日中至少十五个交易日的收盘价格不低于当期转股价格的 130%(含 130%),
123131,奥飞转债,125.98,300738,奥飞数据,6.35,6.348,2022-06-09,10.09,130,13.12,10.25,,0/15 | 30,如果公司股票在任意连续三十个交易日中至少有十五个交易日的收盘价格不低于当期转股价格的130%（含130%）,
123130,设研转债,122.906,300732,设研院,3.76,3.755,2022-05-17,8.96,130,11.65,8.89,,0/15 | 30,如果公司股票在任意连续三十个交易日中至少有十五个交易日的收盘价格不低于当期转股价格的 130%(含 130%),
123138,丝路转债,141.4,300556,丝路视觉,2.4,2.397,2022-09-08,26.56,130,34.53,33.0,,0/15 | 30,如果公司股票在任何连续三十个交易日中至少十五个交易日的收盘价格不低于当期转股价格的130%（含130%）,
123141,宏丰转债,125.21,300283,温州宏丰,3.213,3.21,2022-09-21,5.37,130,6.98,6.12,,0/15 | 30,在转股期内，如果公司股票在任何连续三十个交易日中至少十五个交易日的收盘价格不低于当期转股价格的 130%（含 130%）,
123145,药石转债,107.38,300725,药石科技,11.5,11.494,2022-10-26,81.44,130,105.87,38.83,,0/15 | 30,如果公司 A 股股票在任意连续三十个交易日中至少十五个交易日的收盘价格不低于当期转股价格的 130%（含 130%）；,
123146,中环转2,108.87,300692,中环环保,8.64,8.64,2022-11-14,7.42,130,9.65,6.23,,0/15 | 30,如果公司股票在任意连续三十个交易日中至少有十五个交易日的收盘价格不低于当期转股价格的 130%（含 130%）,
123144,裕兴转债,107.863,300305,裕兴股份,6.0,5.999,2022-10-17,13.85,130,18.0,9.63,,0/15 | 30,如果公司A 股股票连续三十个交易日中至少有十五个交易日的收盘价格不低于当期转股价格的130%（含130%）,
123143,胜蓝转债,121.799,300843,胜蓝股份,3.3,3.297,2022-10-10,23.27,130,30.25,22.14,,0/15 | 30,如果公司股票在任何连续三十个交易日中至少十五个交易日的收盘价格不低于当期转股价格的 130%（含 130%）；,
123142,申昊转债,115.112,300853,申昊科技,5.5,5.496,2022-09-26,33.91,130,44.08,26.42,,0/15 | 30,如果公司A股股票在任意连续三十个交易日中至少十五个交易日的收盘价格不低于当期转股价格的 130%（含 130%）,
123128,首华转债,102.881,300483,首华燃气,13.795,13.79,2022-05-05,19.61,130,25.49,12.23,,0/15 | 30,如果公司A股股票在连续三十个交易日中至少十五个交易日的收盘价格不低于当期转股价格的130%(含 130%),
123126,瑞丰转债,110.699,300243,瑞丰高材,3.4,3.4,2022-03-16,17.54,130,22.8,9.6,,0/15 | 30,如果公司股票在任何连续三十个交易日中至少有十五个交易日的收盘价格不低于当期转股价格的 130%(含 130%）,
123109,昌红转债,114.37,300151,昌红科技,4.6,4.595,2021-10-08,26.9,130,34.97,18.11,,0/15 | 30,如果公司股票在任何连续三十个交易日中至少十五个交易日的收盘价格不低于当期转股价格的 130%(含 130%),
123112,万讯转债,143.382,300112,万讯自控,2.457,2.265,2021-10-14,8.46,130,11.0,10.77,,0/15 | 30,如果公司股票连续三十个交易日中至少有十 五个交易日的收盘价不低于当期转股价格的 130%(含 130%),
123108,乐普转2,108.461,300003,乐普医疗,16.38,16.377,2021-10-08,28.39,130,36.91,15.94,,0/15 | 30,如果公司股票在任何连续30个交易日中至少15个交易日的收盘价格不低于当期转股价格的130%(含 130%),
123107,温氏转债,123.16,300498,温氏股份,92.97,77.386,2021-10-08,17.04,130,22.15,19.06,,0/15 | 30,如果公司股票连续三十个交易日中至少有十五个交易日的收盘价格不低于当期转股价格的 130%(含 130%),
123106,正丹转债,113.574,300641,正丹股份,3.2,3.2,2021-09-30,7.4,130,9.62,5.54,,0/15 | 30,如果公司股票在任何连续三十个交易日中至少十五个交易日的收盘价格不低于当期转股价格的 130%(含 130%),
123115,捷捷转债,108.122,300623,捷捷微电,11.95,11.944,2021-12-15,28.78,130,37.41,15.62,,0/15 | 30,如果公司股票在任何连续三十个交易日中至少有十五个交易日的收盘价格不低于当期转股价格的 130%(含 130%),
123117,健帆转债,106.887,300529,健帆生物,10.0,9.998,2021-12-29,61.72,130,80.24,21.98,,0/15 | 30,在转股期内，如果公司A股股票在任意连续三十个交易日中至少十五个交易日的收盘价格不低于当期转股价格的 130%(含 130%),
123122,富瀚转债,108.678,300613,富瀚微,5.812,5.805,2022-02-14,92.34,130,120.04,42.65,,0/15 | 30,如果公司股票在任意连续三十个交易日中至少有十五个交易日的收盘价格不低于当期转股价格的%(含 130%),
123124,晶瑞转2,108.9,300655,晶瑞电材,5.23,5.227,2022-02-21,17.36,130,22.57,9.62,,0/15 | 30,如果公司 A 股股票连续三十个交易日中至少有十五个交易日的收盘价不低于当期转股价格的 130%(含 130%),
123121,帝尔转债,114.83,300776,帝尔激光,8.4,8.306,2022-02-11,74.38,130,96.69,56.0,,0/15 | 30,如果公司股票在连续三十个交易日中至少十五个交易日的收盘价格不低于当期转股价格的 130%(含 130%),
123120,隆华转债,115.362,300263,隆华科技,7.989,7.981,2022-02-07,7.72,130,10.04,6.74,,0/15 | 30,如果公司股票在任意连续三十个交易日中至少有十五个 交易日的收盘价格不低于当期转股价格的130%(含 130%),
123119,康泰转2,116.3,300601,康泰生物,20.0,19.992,2022-01-21,33.48,130,43.52,27.24,,0/15 | 30,如果公司股票在任何连续30个交易日中至少15个交易日的收盘价格超过当期转股价格的130%(含 130%),
123147,中辰转债,129.785,300933,中辰股份,5.705,5.705,2022-12-07,7.78,130,10.11,9.12,,0/15 | 30,如果公司股票在任何连续三十个交易日中至少有十五个交易日的收盘价格不低于当期转股价格的 130%（含 130%）；,
127025,冀东转债,101.156,000401,冀东水泥,28.2,17.764,2021-05-11,13.11,130,17.04,6.46,,0/15 | 30,如果公司股票在任何连续三十个交易日中至少十五个交易日的收盘价格不低于当期转股价格的130%(含130%),
128076,金轮转债,131.6,002722,物产金轮,2.14,2.135,2020-04-20,13.76,130,17.89,15.43,,0/15 | 30,如果公司股票在任何连续三十个交易日中至少十五个交易日的收盘价格不低于当期转股价格的130%(含130%),
128081,海亮转债,118.68,002203,海亮股份,31.5,27.024,2020-05-27,9.54,130,12.4,10.85,,0/15 | 30,如果公司股票连续30个交易日中至少有15个交易日的收盘价格不低于当期转股价格的130%(含 130%),
128074,游族转债,121.85,002174,游族网络,11.5,6.822,2020-03-27,16.97,130,22.06,13.81,,0/15 | 30,在本次发行的可转换公司债券转股期内，如果公司A股股票连续30个交易日中至少有15个交易日的收盘价格不低于当期转股价格的130%(含 130%),
128072,翔鹭转债,113.063,002842,翔鹭钨业,3.019,3.016,2020-02-26,15.14,130,19.68,8.49,,0/15 | 30,如果公司A股股票连续三十个交易日中至少有十五个交易日的收盘价不低于当期转股价格的130%(含130%),
128070,智能转债,144.61,002877,智能自控,2.3,2.291,2020-01-08,9.34,130,12.14,10.35,,0/15 | 30,如果公司A股股票连续三十个交易日中至少有十五个交易日的收盘价格不低于当期转股价格的130%(含 130%),
128071,合兴转债,114.098,002228,合兴包装,5.958,2.999,2020-02-24,3.92,130,5.1,3.43,,0/15 | 30,如果公司股票在任何连续三十个交易日中至少十五个交易日的收盘价格不低于当期转股价格的(含130%),
128083,新北转债,126.997,002376,新北洋,8.77,8.768,2020-06-18,6.5,130,8.45,7.61,,0/15 | 30,在转股期内，如果公司股票在连续三十个交易日内至少有十五个交易日的收盘价不低于当期转股价格的130%(含130%),
128085,鸿达转债,72.898,002002,ST鸿达,24.268,3.371,2020-06-22,3.91,130,5.08,0.98,,0/15 | 30,在本次发行的可转债转股期内，如果公司A股股票连续三十个交易日中至少有十五个交易日的收盘价格不低于当期转股价格的130%(含130%),
128105,长集转债,105.197,002616,长青集团,8.0,7.994,2020-10-15,7.91,130,10.28,5.22,,0/15 | 30,在转股期内，公司股票连续三十个交易日中至少十五个交易日的收盘价格不 低于当期转股价格的 130%(含 130%),
128108,蓝帆转债,101.631,002382,蓝帆医疗,31.44,15.208,2020-12-03,17.84,130,23.19,6.72,,0/15 | 30,如果公司股票在任何连续三十个交易日中至少十五个交易日的 收盘价格不低于当期转股价格的130%(含 130%),
128101,联创转债,124.679,002036,联创电子,3.0,2.988,2020-09-21,13.69,130,17.8,9.79,,0/15 | 30,如果公司股票在任何连续三十个交易日中至少十五个交易日的收盘价格不低于当期转股价格的130%(含130%),
128097,奥佳转债,111.5,002614,奥佳华,12.0,4.583,2020-09-02,9.75,130,12.68,7.55,,0/15 | 30,如果公司股票在任何连续三十个交易日中至少十五个交易日的收盘价格不低于当期转股价格的130%(含 130%),
128087,孚日转债,125.0,002083,孚日股份,6.5,6.443,2020-06-23,4.16,130,5.41,5.09,,0/15 | 30,如果公司股票在任何连续三十个交易日中至少十五个交易日的收盘价格不低于当期转股价格的130%(含 130%),
128066,亚泰转债,120.935,002811,郑中设计,4.8,4.61,2019-10-23,8.77,130,11.4,9.74,,0/15 | 30,如果公司A股股票连续30个交易日中至少有15个交易日的收盘价格不低于当期转股价格的130%(含 130%),
128063,未来转债,121.47,002631,德尔未来,6.3,6.291,2019-10-11,6.0,130,7.8,6.06,,0/15 | 30,在转股期内，如果公司股票在任何连续三十个交易日中至少十五个交易日的收盘价格不低于当期转股价格的130%（含130%）,
128035,大族转债,104.45,002008,大族激光,23.0,22.99,2018-08-13,51.59,130,67.07,20.09,,0/15 | 30,在本次发行的可转债转股期内，如果公司A股股票连续三十个交易日中至少有十五个交易日的收盘价格不低于当期转股价格的130%（含130%）,
128036,金农转债,129.9,002548,金新农,6.5,1.455,2018-09-16,6.81,130,8.85,5.68,,0/15 | 30,在本次发行的可转换公司债券转股期内，如果公司 A 股股票连续三十个交易日中至少有十五个交易日的收盘价格不低于当期转股价格的 130%（含130%）,
127087,星帅转2,118.481,002860,星帅尔,4.629,4.629,2023-12-20,13.36,130,17.37,12.45,,0/15 | 30,如果公司 A 股股票连续三十个交易日中至少有十五个交易日的收盘价格不低于当期转股价格的 130%（含 130%）；,
127086,恒邦转债,118.56,002237,恒邦股份,31.6,31.598,2023-12-18,11.46,130,14.9,10.54,,0/15 | 30,如果公司股票在任何连续三十个交易日中至少十五个交易日的收盘价格不低于当期转股价格的130%（含130%）,
127085,韵达转债,108.001,002120,韵达股份,24.5,24.5,2023-10-17,12.1,130,15.73,7.57,,0/15 | 30,如果公司股票在任何连续三十个交易日中至少有十五个交易日的收盘价格不低于当期转股价格的 130%（含130%）,
128037,岩土转债,111.65,002542,中化岩土,6.037,6.019,2018-09-21,2.64,130,3.43,2.78,,0/15 | 30,在转股期内，如果公司股票在任何连续 30 个交易日中至少 15 个交易日的收盘价格不低于当期转股价格的 130%（含 130%）,
128039,三力转债,111.757,002224,三力士,6.2,2.024,2018-12-14,5.72,130,7.44,5.16,,0/15 | 30,在本次发行的可转换公司债券转股期内，如果公司 A 股股票连续 30 个交易日中至少有 15 个交易日的收盘价格不低于当期转股价格的 130%（含）,
128056,今飞转债,131.89,002863,今飞凯达,3.68,1.719,2019-09-06,5.99,130,7.79,6.11,,0/15 | 30,在本次发行的可转换公司债券转股期内，如果公司A股股票连续30个交易日中至少有15个交易日的收盘价格不低于当期转股价格的130%（含130%）,
128062,亚药转债,113.907,002370,亚太药业,9.65,6.567,2019-10-09,4.21,130,5.47,4.29,,0/15 | 30,在转股期内，如果公司股票在任何连续30个交易日中至少15个交易日的收盘价格不低于当期转股价格的130%(含130%),
128053,尚荣转债,138.97,002551,尚荣医疗,7.5,1.896,2019-08-20,4.88,130,6.34,4.14,,0/15 | 30,"（1）在转股期内，如果公司 A 股股票连续 30 个交易日中至少有 15 个交易日的收盘价格不低于当期转股价格的 130%（含 130%）；（2）当本次发行的可转债未转股余额不足 3,000 万元（含）时。",
128048,张行转债,106.58,002839,张家港行,25.0,24.97,2019-05-16,4.33,130,5.63,3.84,,0/15 | 30,在本次发行可转债的转股期内，如果张家港行 A 股股票连续三十个交易日中至少有十五个交易日的收盘价格不低于当期转股价格的 130%（含 130%）,
128044,岭南转债,114.2,002717,岭南股份,6.6,6.567,2019-02-20,3.08,130,4.0,3.27,,0/15 | 30,"①在本次发行的可转换公司债券转股期内，如果公司 A 股股票连续 30 个交易日中至少有 15 个交易日的收盘价格不低于当期转股价格的 130%（含 130%）。②当本次发行的可转换公司债券未转股余额不足 3,000 万元时。",
128109,楚江转债,113.783,002171,楚江新材,18.3,18.225,2020-12-10,8.23,130,10.7,7.25,,0/15 | 30,如果公司 A 股股票连续三十个交易日中至少有十五个交易日的收盘价格不低于当期转股价格的 130%(含 130%),
128116,瑞达转债,106.489,002961,瑞达期货,6.5,6.491,2021-01-04,29.0,130,37.7,14.75,,0/15 | 30,如果公司股票连续三十个交易日中有十五个交易日的收盘价格不低于当期转股价格的130%(含 130%),
128137,洁美转债,124.63,002859,洁美科技,6.0,5.992,2021-05-10,26.95,130,35.03,24.03,,0/15 | 30,如果公司股票在任意连续30个交易日中至少有15个交易日的收盘价格不低于当期转股价格的130%(含),
128138,侨银转债,117.133,002973,侨银股份,4.2,4.199,2021-05-24,25.13,130,32.67,11.15,,0/15 | 30,如果公司股票连续30个交易日中至少有15个交易日的收盘价格不低于当期转股价格的130%(含130%),
128136,立讯转债,107.92,002475,立讯精密,30.0,29.991,2021-05-10,57.31,130,74.5,32.58,,0/15 | 30,如果公司股票在任何连续三十个交易日中至少有十五个交易日的收盘价格不低于当期转股价格的130%(含130%),
128135,洽洽转债,112.0,002557,洽洽食品,13.4,13.399,2021-04-26,58.18,130,75.63,34.23,,0/15 | 30,如果公司股票连续三十个交易日中至少有十五个交易日的收盘价格不低于当期转股价格的130%(含130%),
128133,奇正转债,121.214,002287,奇正藏药,8.0,7.994,2021-03-29,22.87,130,29.73,22.51,,0/15 | 30,如果公司股票在任何连续三十个交易日中至少十五个交易日的收盘价格不低于当期转股价格的 130%(含 130%),
128134,鸿路转债,107.443,002541,鸿路钢构,18.8,15.728,2021-04-15,32.96,130,42.85,20.45,,0/15 | 30,如果公司股票连续三十个交易日中至少有十五个交易日的收盘价格不低于当期转股价格的130%(含 130%),
128141,旺能转债,120.3,002034,旺能环境,14.0,12.701,2021-06-23,14.97,130,19.46,15.08,,0/15 | 30,如果公司 A 股股票连续三十个交易日中至少有十五个交易日的收盘价格不低于当期转股价格的130%(含 130%),
128142,新乳转债,107.5,002946,新乳业,7.18,7.18,2021-06-24,18.33,130,23.83,11.16,,0/15 | 30,如果公司 A 股股票连续三十个交易日中至少有十五个交易日的收盘价不低于当期转股价格的130%(含130%),
404001,蓝盾退债,49.719,400194,R蓝盾1,0.97,0.97,2023-09-18,0.22,130,0.29,0.12,,0/15 | 30,"①在转股期内，如果公司股票在任意连续三十个交易日中至少十五个交易日的收盘价格不低于当期转股价格的 130.00%（含 130.00%）；②当本次发行的可转换公司债券未转股余额不足 3,000.00 万元时。",
404002,搜特退债,19.152,400198,*搜特3,8.0,7.84,2020-09-18,1.1,130,1.43,0.13,,0/15 | 30,如果公司A股股票连续30个交易日中至少有15 个交易日的收盘价格不低于当期转股价格的130%(含 130%),
132026,G三峡EB2,112.03,600900,长江电力,100.0,100.0,2023-06-02,23.96,130,31.15,23.15,,0/15 | 30,在本期可交换债换股期内，如果长江电力 A 股股票连续三十个交易日中至少有十五个交易日的收盘价格不低于当期换股价格的 130%（含 130%），公司有权按照本期可交换债面值加当期应计利息的价格赎回全部未换股的本期可交换债。,
132020,19蓝星EB,108.5,600299,安迪苏,45.0,35.065,2020-10-21,10.79,130,14.03,7.8,,0/15 | 30,在本期可交换债券换股期内，如果安迪苏 A 股股票连续三十个交易日中至少有十五个交易日的收盘价格不低于当期换股价格的 130%（含 130%），公司有权按照本期可交换债券面值加当期应计利息的价格赎回全部未换股的本期可交换债券。,
128144,利民转债,108.461,002734,利民股份,9.8,9.794,2021-09-06,10.95,130,14.23,8.16,,0/15 | 30,公司股票连续三十个交易日中至少有十五个交易日的收盘价格不低于当 期转股价格的 130%(含 130%),
128132,交建转债,111.5,002941,新疆交建,8.5,8.485,2021-03-22,18.33,130,23.83,13.22,,0/15 | 30,如果公司A股股票连续三十个交易日中至少有十五个交易日的收盘价格不低于当期转股价格的130%(含),
128131,崇达转2,108.672,002815,崇达技术,14.0,13.998,2021-03-11,16.91,130,21.98,9.36,,0/15 | 30,如果公司A股股票连续三十个交易日中至少有十五个交易日的收盘价格不低于当期转股价格的130%(含 130%),
128120,联诚转债,127.38,002921,联诚精密,2.6,2.595,2021-01-25,17.44,130,22.67,16.31,,0/15 | 30,如果公司股票在任何连续三十个交 易日中至少有十五个交易日的收盘价格不低于当期转股价格的 130%(含 130%),
128121,宏川转债,123.084,002930,宏川智慧,6.7,6.698,2021-01-25,19.14,130,24.88,19.7,,0/15 | 30,如果公司A股股票连续三十个交易日中至少有十五个交易日的收盘价格不低于当期转股价格的 130%(含 130%),
128119,龙大转债,112.493,002726,龙大美食,9.5,9.461,2021-01-18,9.3,130,12.09,8.11,,0/15 | 30,如果公司A股股票连续三十个交易日中至少有十五个交易日的收盘价格不低于当期转股价格的130%(含130%),
128118,瀛通转债,115.68,002861,瀛通通讯,3.0,2.996,2021-01-08,21.35,130,27.75,16.37,,0/15 | 30,如果公司股票在任何连续三十个交易日中至少有十五个交易日的收盘价格不低于当期转股价格的 130%(含 130%),
128117,道恩转债,112.057,002838,道恩股份,3.6,3.583,2021-01-08,27.91,130,36.28,12.62,,0/15 | 30,如果公司A股股票连续30个交易日中至少有15个交易日的收盘价格不低于当期转股价格的130%(含 130%),
128123,国光转债,115.397,002749,国光股份,3.2,3.199,2021-02-01,12.98,130,16.87,10.81,,0/15 | 30,如果公司 A 股股票连续三十个交易日中至少有十五个交易日的收盘价格不低于当期转股价格的 130%(含 130%),
128124,科华转债,99.887,002022,科华生物,7.38,7.375,2021-02-03,20.64,130,26.83,10.74,,0/15 | 30,如果公司股票在任何连续30个交易日中至少15个交易日的 收盘价格不低于当期转股价格的130%(含 130%),
128129,青农转债,102.15,002958,青农商行,50.0,49.997,2021-03-01,4.22,130,5.49,2.59,,0/15 | 30,如果公司A股股票连续三十个交易日中至少有十五个交易日的收盘价格不低于当期转股价格的130%(含 130%),
128130,景兴转债,117.634,002067,景兴纸业,12.8,9.986,2021-03-04,3.4,130,4.42,3.44,,0/15 | 30,如果公司股票连续30个交易日中至少有15个交易日的收盘价格不低于当期转股价格的 130%(含 130%),
128128,齐翔转2,116.09,002408,齐翔腾达,29.9,6.795,2021-02-26,5.53,130,7.19,5.17,,0/15 | 30,如果公司股票在任何连续三十个交易日中至少十五个交易日的收盘价格不低于当期转股价格的 130%(含 130%),
128127,文科转债,106.705,002775,文科园林,9.5,9.492,2021-03-01,4.56,130,5.93,4.0,,0/15 | 30,如果公司A股股票连续30个交易日中至少有15个交易日的收盘价格不低于当期转股价格的130%(含 130%),
128125,华阳转债,107.569,002949,华阳国际,4.5,4.497,2021-02-05,24.79,130,32.23,14.05,,0/15 | 30,如果公司股票连续三十个交易日中有十五个交易日的收盘价格不低于当期转股价格的130%(含 130%),
127084,柳工转2,115.291,000528,柳工,30.0,30.0,2023-10-09,7.77,130,10.1,6.6,,0/15 | 30,如果公司股票连续三十个交易日中至少有十五个交易日的收盘价不低于当期转股价格的130%（含）,
127083,山路转债,103.0,000498,山东路桥,48.36,48.36,2023-10-09,8.01,130,10.41,5.6,,0/15 | 30,如果公司股票在任意连续三十个交易日中至少十五个交易日的收盘价格不低于当期转股价格的130%（含）,
127038,国微转债,112.399,002049,紫光国微,15.0,14.925,2021-12-17,98.18,130,127.63,64.46,,0/15 | 30,如果公司股票在任何连续三十个交易日中至少十五个交易日的收盘价格不低于当期转股价格的130%(含130%),
127039,北港转债,117.584,000582,北部湾港,30.0,17.631,2022-01-05,8.0,130,10.4,7.58,,0/15 | 30,公司股票在任何连续三十个交易日中至少有十五个交易日的收盘价格不低于当期转股价格的 130%(含 130%),
127035,濮耐转债,114.301,002225,濮耐股份,6.264,6.262,2021-12-01,4.32,130,5.62,3.75,,0/15 | 30,如果公司股票连续 30 个交易日 中至少有 15 个交易日的收盘价格不低于当期转股价格的 130%(含 130%),
127034,绿茵转债,105.578,002887,绿茵生态,7.12,7.118,2021-11-11,12.04,130,15.65,8.63,,0/15 | 30,公司股票连续三十个交易日中至少十五个交易日的收盘价格 不低于当期转股价格的 130%(含 130%),
127032,苏行转债,113.156,002966,苏州银行,50.0,49.995,2021-10-18,6.78,130,8.81,6.38,,0/15 | 30,如果公司 A 股股票连续三十个交易日中至少有十五个交易日的收盘价格不低于当期转股价格的130%(含 130%),
127033,中装转2,104.85,002822,中装建设,11.6,11.591,2021-10-22,5.14,130,6.68,4.44,,0/15 | 30,如果公司股票在任意连续三十个交易日中至少有十五个交易日的收盘价格不低于当期转股价格的130%(含 130%),
127040,国泰转债,111.0,002091,江苏国泰,45.574,39.872,2022-01-13,8.52,130,11.08,7.7,,0/15 | 30,如果公司股票在连续三十个交易日内至少有十五个交易日的收盘价不低于当期转股价格的 130%(含 130%),
127041,弘亚转债,110.16,002833,弘亚数控,6.0,5.999,2022-01-17,25.84,130,33.59,17.1,,0/15 | 30,如果公司A股股票连续30个交易日中至少有15个交易日的收盘价不低于当期转股价格的 130%(含 130%),
127046,百润转债,108.34,002568,百润股份,11.28,11.276,2022-04-12,46.95,130,61.03,23.8,,0/15 | 30,如果公司股票在任何连续三十个交易日中至少十五个交易日的收盘价格不低于当期转股价格的 130%(含 130%),
127047,帝欧转债,85.092,002798,帝欧家居,15.0,14.998,2022-04-29,13.34,130,17.34,6.66,,0/15 | 30,如果公司股票连续 30 个交易日中至少有 15 个交易日的收盘价格不低于当期转股价格的 130%(含 130%),
127045,牧原转债,109.292,002714,牧原股份,95.5,95.436,2022-02-21,46.55,130,60.52,39.51,,0/15 | 30,如果公司 A 股股票连续三十个交易日中至少有十五个交易日的收盘价不低于当期转股价格的 130%(含 130%),
127044,蒙娜转债,102.493,002918,蒙娜丽莎,11.689,11.689,2022-02-21,26.57,130,34.54,13.49,,0/15 | 30,如果公司股票在任何连续三十个交易日中至少十五个交易日的收盘价格不低于当期转股价格的 130%(含 130%),
127042,嘉美转债,110.8,002969,嘉美包装,7.5,7.498,2022-02-14,4.85,130,6.3,4.09,,0/15 | 30,如果公司股票在任何连续三十个交易日中至少十五个交易日的收盘价格不低于当期转股价格的 130%(含 130%),
127031,洋丰转债,109.0,000902,新洋丰,10.0,9.999,2021-10-08,17.38,130,22.59,10.66,,0/15 | 30,如果公司股票连续30个交易日中至少有15个交 易日的收盘价格不低于当期转股价格的130%(含 130%),
127030,盛虹转债,106.801,000301,东方盛虹,50.0,49.977,2021-09-27,13.31,130,17.3,8.77,,0/15 | 30,如果公司股票连续30个交易日中至少有15个交易日的收盘价格不低于当期转股价格的130%(含130%),
127018,本钢转债,118.421,000761,本钢板材,68.0,56.31,2021-01-04,3.95,130,5.13,3.83,,0/15 | 30,如果公司股票连续三十个交易日中至少有十五个交易日的收盘价格不低于当期转股价格的 130%(含 130%),
127019,国城转债,97.844,000688,国城矿业,8.5,8.487,2021-01-21,21.2,130,27.56,9.98,,0/15 | 30,如果公司股票连续三十个交易日中至少有十五个交易日的收盘价格不低于当期转股价格的130%(含 130%),
127017,万青转债,109.714,000789,万年青,10.0,9.996,2020-12-09,12.4,130,16.12,6.81,,0/15 | 30,如果公司股票在任何连续三十个交易日中至少十五个交易日的收盘价格不低于当期转股价格的 130%(含 130%),
127016,鲁泰转债,108.286,000726,鲁泰A,14.0,13.998,2020-10-15,8.63,130,11.22,6.57,,0/15 | 30,如果公司股票在任何连续三十个交易日中至少有十五个交易日的收盘价格不低于当期转股价格的130%(含 130%),
127015,希望转债,105.185,000876,新希望,40.0,9.494,2020-07-09,19.64,130,25.53,9.03,,0/15 | 30,如果公司 A 股股票连续三十个交易日中至少有十五个交易日的收盘价不低于当期转股价 格的 130%(含 130%),
127020,中金转债,115.987,000060,中金岭南,38.0,30.226,2021-01-25,4.44,130,5.77,4.24,,0/15 | 30,如果公司A股股票连续三十个交易日中至少有十五个交易日的收盘价不低于当期转股价格的130%(含 130%),
127022,恒逸转债,99.895,000703,恒逸石化,20.0,19.998,2021-04-22,11.0,130,14.3,6.69,,0/15 | 30,在转股期内，如果公司股票在任何连续30个交易日中至少15个交易日的收盘价格不低于当期转股价格的130%(含130%),
127027,能化转债,116.022,000552,甘肃能化,28.0,19.464,2021-06-16,3.1,130,4.03,3.06,,0/15 | 30,如果公司股票在任何连续 30 个交易日中至少 15 个交易日的 收盘价格不低于当期转股价格的 130%(含 130%),
127028,英特转债,132.5,000411,英特集团,6.0,4.063,2021-07-12,9.98,130,12.97,11.28,,0/15 | 30,如果公司股票连续三十个交易日中至少有十五个交易日的收盘价格不低于当期转股价格的 130%(含 130%),
127026,超声转债,111.14,000823,超声电子,7.0,6.997,2021-06-15,12.52,130,16.28,9.36,,0/15 | 30,如果公司股票连续三十个交易日中至少有十五个交易日的收盘价格不低于当期转股价格的130%(含130%),
123034,通光转债,234.976,300265,通光线缆,2.97,0.778,2020-05-08,8.0,130,10.4,8.84,,0/15 | 30,如果公司股票任意连续30个交易日中至少有15个交易日的收盘价不低于当期转股价格的130%(含 130%),
127024,盈峰转债,105.35,000967,盈峰环境,14.762,14.761,2021-05-10,7.98,130,10.37,4.83,,0/15 | 30,如果公司A股股票连续三十个交易日中至少有十五个交易日的收盘价格不低于当期转股价格的130%(含130%),
127049,希望转2,101.573,000876,新希望,81.5,81.436,2022-05-09,14.39,130,18.71,9.03,,0/15 | 30,在本次发行的可转换公司债券转股期内，如果公司 A 股股票连续三十个交易日中至少有十五个交易日的收盘价不低于当期转股价 格的 130%(含 130%),
127050,麒麟转债,122.5,002984,森麒麟,21.989,21.988,2022-05-17,28.67,130,37.27,27.6,,0/15 | 30,如果公司股票连续 30 个交易日中至 少有 15 个交易日的收盘价格不低于当期转股价格的 130%(含 130%),
127073,天赐转债,110.297,002709,天赐材料,34.105,34.101,2023-03-29,28.88,130,37.54,22.02,,0/15 | 30,如果公司 A 股股票连续 30 个交易日中至少有 15 个交易日的收盘价格不低于当期转股价格的 130%；,
127074,麦米转2,112.653,002851,麦格米特,12.2,12.199,2023-04-19,30.94,130,40.22,22.7,,0/15 | 30,如果公司 A 股股票连续三十个交易日中至少有十五个交易日的收盘价格不低于当期转股价格的 130%（含130%）,
127072,博实转债,127.694,002698,博实股份,4.5,4.499,2023-03-28,15.56,130,20.23,14.63,,0/15 | 30,如果公司股票连续三十个交易日中至少有十五个交易日的收盘价不低于当期转股价格的 130%（含 130%）,
127071,天箭转债,116.8,003009,中天火箭,4.95,4.949,2023-02-27,53.02,130,68.93,42.29,,0/15 | 30,如果公司 A 股股票连续三十个交易日中至少有十五个交易日的收盘价格不低于当期转股价格的 130%（含 130%）,
127070,大中转债,115.75,001203,大中矿业,15.2,15.192,2023-02-23,11.06,130,14.38,9.99,,0/15 | 30,如果公司A股股票在任意连续三十个交易日中至少十五个交易日的收盘价格不低于当期转股价格的 130%（含 130%）,
127076,中宠转2,116.963,002891,中宠股份,7.69,7.69,2023-05-04,28.3,130,36.79,26.24,,0/15 | 30,如果公司股票在连续三十个交易日中至少有十五个交易日的收盘价格不低于当期转股价格的130%（含130%）,
127077,华宏转债,111.41,002645,华宏科技,5.15,5.15,2023-06-08,13.92,130,18.1,10.91,,0/15 | 30,如果公司股票连续 30 个交易日中至少有 15 个交易日的收盘价格不低于当期转股价格的 130%（含 130%）,
127081,中旗转债,113.544,001212,中旗新材,5.4,5.4,2023-09-11,30.17,130,39.22,23.38,,0/15 | 30,在转股期内，如果公司股票在任何连续三十个交易日中至少十五个交易日的收盘价格不低于当期转股价格的 130%（含 130%）；,
127082,亚科转债,127.807,002540,亚太科技,11.59,11.589,2023-09-15,6.06,130,7.88,6.28,,0/15 | 30,如果公司股票在任何连续三十个交易日中至少十五个交易日的收盘价格不低于当期转股价格的 130%（含 130%）,
127080,声迅转债,157.35,003004,声迅股份,2.8,2.799,2023-07-07,29.14,130,37.88,30.53,,0/15 | 30,如果公司股票在任何连续三十个交易日中至少十五个交易日的收盘价格不低于当期转股价格的 130%（含 130%）,
127079,华亚转债,121.1,003043,华亚智能,3.4,3.4,2023-06-26,55.69,130,72.4,49.48,,0/15 | 30,如果公司 A 股股票连续三十个交易日中至少有十五个交易日的收盘价不低于当期转股价格的 130%（含 130%）,
127078,优彩转债,123.3,002998,优彩资源,6.0,6.0,2023-06-20,7.2,130,9.36,7.97,,0/15 | 30,如果公司股票在连续三十个交易日中至少十五个交易日的收盘价格不低于当期转股价格的 130%（含 130%）；,
127069,小熊转债,121.078,002959,小熊电器,5.36,5.041,2023-02-20,54.41,130,70.73,48.1,,0/15 | 30,如果公司股票在任何连续三十个交易日中至少有十五个交易日的收盘价格不低于当期转股价格的 130%（含 130%）；,
127068,顺博转债,101.182,002996,顺博合金,8.3,8.3,2023-02-20,16.0,130,20.8,10.65,,0/15 | 30,如果公司股票任意连续三十个交易日中至少有十五个交易日的收盘价格不低于当期转股价格的 130%,
127055,精装转债,113.98,002989,中天精装,5.77,5.766,2022-08-29,18.5,130,24.05,15.54,,0/15 | 30,"如果公司股票在任何连续三十个交易日中至少有十五个交易日的收盘价格不低于当期转股价格的 130%（含
130%）",
127056,中特转债,101.798,000708,中信特钢,50.0,49.997,2022-09-05,23.5,130,30.55,13.2,,0/15 | 30,如果公司股票在任意连续三十个交易日中至少十五个交易日的收盘价格不低于当期转股价格的 130%（含 130%）,
127054,双箭转债,120.489,002381,双箭股份,5.136,5.136,2022-08-17,7.51,130,9.76,7.43,,0/15 | 30,"如果公司股票在任何连续三十个交易日中至少有十五个交易日的收盘价格不低于当期转股价格的 130%（含
130%）",
127052,西子转债,104.7,002534,西子洁能,11.1,11.1,2022-06-30,18.7,130,24.31,11.9,,0/15 | 30,如果公司A股股票连续30个交易日中至少有15个交易日的收盘价格不低于当期转股价格的 130%(含 130%),
127051,博杰转债,108.961,002975,博杰股份,5.26,5.259,2022-05-23,61.87,130,80.43,34.95,,0/15 | 30,如果公司股票在任何连续三十个交易日中至少十五个交易日的收盘价格不低于当期转股价格的 130%(含 130%),
127059,永东转2,117.88,002753,永东股份,3.8,3.792,2022-10-14,8.63,130,11.22,8.12,,0/15 | 30,如果公司A股股票连续三十个交易日中至少有十五个交易日的收盘价格不低于当期转股价格的 130%（含 130%）；,
127060,湘佳转债,103.864,002982,湘佳股份,6.4,6.399,2022-10-25,30.26,130,39.34,21.28,,0/15 | 30,如果公司股票连续三十个交易日中至少有十五个交易日的收盘价不低于当期转股价格的 130%（含 130%）；,
127066,科利转债,103.3,002850,科达利,15.344,15.343,2023-01-16,152.2,130,197.86,79.29,,0/15 | 30,如果公司股票在任意连续三十个交易日中至少有十五个交易日的收盘价格不低于当期转股价格的130%（含130%）,
127067,恒逸转2,100.621,000703,恒逸石化,30.0,29.998,2023-01-30,10.5,130,13.65,6.69,,0/15 | 30,如果公司股票连续三十个交易日中至少有十五个交易日的收盘价格不低于当期转股价格的 130%（含 130%）,
127064,杭氧转债,126.98,002430,杭氧股份,11.37,11.367,2022-11-25,27.68,130,35.98,28.85,,0/15 | 30,如果公司 A 股股票连续 30 个交易日中至少有15 个交易日的收盘价格不低于当期转股价格的 130%（含 130%）,
127062,垒知转债,109.41,002398,垒知集团,3.963,3.96,2022-10-27,7.68,130,9.98,4.74,,0/15 | 30,如果公司股票在任何连续三十个交易日中至少十五个交易日的收盘价格不低于当期转股价格的 130%（含 130%）,
127061,美锦转债,99.14,000723,美锦能源,35.9,35.896,2022-10-26,12.93,130,16.81,6.72,,0/15 | 30,如果公司A股股票连续三十个交易日中至少有十五个交易日的收盘价格不低于当期转股价格的 130%（含130%）,
127012,招路转债,125.81,001965,招商公路,50.0,46.91,2019-09-30,7.87,130,10.23,9.92,,0/15 | 30,在本次发行的可转债转股期内，如果公司股票连续三十个交易日中至少有十五个交易日的收盘价格不低于当期转股价格的 130%(含 130%),
123093,金陵转债,118.321,300651,金陵体育,2.5,2.485,2021-07-26,48.97,130,63.66,19.9,,0/15 | 30,如果公司股票在任意连续三十个交易日中至少十五个交易日的收盘价格不低于当期转股价格的 130%(含 130%),
113048,晶科转债,105.301,601778,晶科科技,30.0,22.959,2021-10-29,5.25,130,6.83,3.4,,0/15 | 30,如果公司A股股票连续三十个交易日中至少有十五个交易日的收盘价格不低于当期转股价格的130%(含130%),
113047,旗滨转债,108.944,601636,旗滨集团,15.0,14.986,2021-10-15,11.76,130,15.29,6.76,,0/15 | 30,如果公司 A 股股票连续三十个交易 日中至少有十五个交易日的收盘价不低于当期转股价格的 130%(含 130%),
113049,长汽转债,107.78,601633,长城汽车,35.0,34.953,2021-12-17,40.08,130,52.1,25.04,,0/15 | 30,如果公司 A 股股票在任何连续三十个交易日中至少十五个交易日的收盘价格不低于当期转股价格的 130%(含 130%),
113050,南银转债,104.2,601009,南京银行,200.0,166.16,2021-12-21,9.11,130,11.84,7.16,,0/15 | 30,如果公司普通股股票连续三十个交易日中至少有十五个交易日的收盘价格不低于当期转股价格的 130%(含 130%),
113051,节能转债,111.41,601016,节能风电,30.0,29.987,2021-12-27,3.52,130,4.58,2.98,,0/15 | 30,如果公司股票在任何连续三十个交易日中至少十五个交易日的收盘价格不低于当期转股价格的130%(含 130%),
113046,金田转债,105.027,601609,金田股份,15.0,14.998,2021-09-27,10.55,130,13.71,6.53,,0/15 | 30,如果本公司股票任意连续30个交易日中至少有15个交易日的收盘价不低于当期转股价格的130%(含 130%),
113044,大秦转债,115.798,601006,大秦铁路,320.0,268.928,2021-06-18,6.22,120,7.46,7.2,,0/15 | 30,如果公司股票在任何连续三十个交易日中至少有十五个交易日的收盘价格不低于当期转股价格的120%(含 120%),
111003,聚合转债,117.053,605166,聚合顺,2.04,2.037,2022-09-13,14.21,130,18.47,9.74,,0/15 | 30,在本次发行的可转换公司债券转股期内，如果公司股票连续30个交易日中至少有15个交易日的收盘价格不低于当期转股价格的 130%（含 130%）,
111002,特纸转债,121.531,605007,五洲特纸,6.7,6.619,2022-06-14,14.54,130,18.9,14.6,,0/15 | 30,如果公司股票连续30个交易日中至少有15个交易日的收盘价格不低于当期转股价格的130%（含 130%）,
113042,上银转债,109.649,601229,上海银行,200.0,199.98,2021-07-29,9.83,130,12.78,5.89,,0/15 | 30,如果公司A股普通股股票连续三十个交易日中至少有十五个交易日的收盘价不低于当期转股价格的130%(含130%),
113043,财通转债,111.101,601108,财通证券,38.0,37.996,2021-06-16,11.34,130,14.74,7.74,,0/15 | 30,如果公司股票在任何连续三十个交易日中至少十五个交易日 的收盘价格不低于当期转股价格的130%(含 130%),
113052,兴业转债,101.613,601166,兴业银行,500.0,499.976,2022-06-30,23.29,130,30.28,14.48,,0/15 | 30,在本次发行可转债的转股期内，如果公司A股股票连续三十个交易日中至少有十五个交易日的收盘价格不低于当期转股价格的130%（含 130%）,
113053,隆22转债,100.581,601012,隆基绿能,70.0,69.958,2022-07-11,58.45,130,75.98,21.28,,0/15 | 30,如果公司A股股票连续三十个交易日中至少有十五个交易日的收盘价不低于当期转股价格的130%（含130%）,
110084,贵燃转债,123.163,600903,贵州燃气,10.0,9.152,2022-07-01,7.18,130,9.33,7.94,,0/15 | 30,如果公司股票连续三十个交易日中至少有十五个交易日的收盘价格不低于当期转股价格的 130%（含 130%）,
113610,灵康转债,107.585,603669,灵康药业,5.25,4.579,2021-06-07,8.51,130,11.06,5.43,,0/15 | 30,在转股期内，如果公司股票在任意连续三十个交易日中至少十五个交易日的收盘价格不低于当期转股价格的 130%(含 130%),
113609,永安转债,117.389,603776,永安行,8.865,7.337,2021-05-31,14.81,130,19.25,14.26,,0/15 | 30,如果公司股票连续三十个交易日中至少有十五个交易日的收盘价格不低于当期转股价格的 130%(含 130%),
113608,威派转债,105.951,603956,威派格,4.2,4.2,2021-05-13,17.62,130,22.91,7.97,,0/15 | 30,如果公司A股股票连续三十个交易日中至少有十五个交易日的收盘价格不低于当期转股价格的130%(含130%),
110082,宏发转债,105.754,600885,宏发股份,20.0,19.995,2022-05-05,50.96,130,66.25,25.52,,0/15 | 30,如果公司A股股票连续三十个交易日中至少有十五个交易日的收盘价格不低于当期转股价格的 130%(含 130%),
113059,福莱转债,103.93,601865,福莱特,40.0,39.999,2022-11-28,42.22,130,54.89,23.79,,0/15 | 30,如果公司A股股票连续30个交易日中至少有 15 个交易日的收盘价格不低于当期转股价格的130%（含 130%）,
113054,绿动转债,101.967,601330,绿色动力,23.6,23.599,2022-09-05,9.6,130,12.48,6.62,,0/15 | 30,如果公司A股股票连续三十个交易日中至少有十五个交易日的收盘价不低于当期转股价格的130%（含130%）,
113055,成银转债,110.177,601838,成都银行,80.0,51.966,2022-09-09,13.13,130,17.07,10.97,,0/15 | 30,如果公司A股股票连续三十个交易日中至少有十五个交易日的收盘价格不低于当期转股价格的130%（含130%）,
113056,重银转债,101.57,601963,重庆银行,130.0,129.994,2022-09-30,10.5,130,13.65,6.89,,0/15 | 30,如果公司 A 股股票连续三十个交易日中至少有十五个交易日的收盘价格不低于当期转股价格的 130%（含 130%），,
113058,友发转债,113.106,601686,友发集团,20.0,20.0,2022-10-10,6.58,130,8.55,6.03,,0/15 | 30,如果本公司A股股票连续30个交易日中至少有15个交易日的收盘价格不低于当期转股价格的130%（含130%）,
111004,明新转债,118.364,605068,明新旭腾,6.73,6.729,2022-10-10,24.41,130,31.73,21.91,,0/15 | 30,如果公司股票在连续三十个交易日内至少有十五个交易日的收盘价不低于当期转股价格的 130%（含 130%）,
111005,富春转债,122.271,605189,富春染织,5.7,5.699,2022-12-29,15.85,130,20.61,16.7,,0/15 | 30,如果公司股票连续三十个交易日中至少有十五个交易日的收盘价格不低于当期转股价格的 130%（含 130%）,
113633,科沃转债,102.307,603486,科沃斯,10.4,10.397,2022-06-06,175.41,130,228.03,38.58,,0/15 | 30,如果公司A股股票连续三十个交易日中至少有 十五个交易日的收盘价格不低于当期转股价格的 130%(含 130%),
113632,鹤21转债,110.81,603733,仙鹤股份,20.5,20.499,2022-05-23,19.84,130,25.79,15.76,,0/15 | 30,如果公司A股股票连续三十个交易日中至少有十五个交易日的收盘价格不低于当期转股价格的 130%(含 130%),
113631,皖天转债,125.084,603689,皖天然气,9.3,9.296,2022-05-12,7.56,130,9.83,8.9,,0/15 | 30,如果公司股票连续三十个交易日中至少有十五个交易日的收盘价格不低于当期转股价格的 130%(含 130%),
113629,泉峰转债,110.39,603982,泉峰汽车,6.2,6.191,2022-03-22,22.24,130,28.91,14.7,,0/15 | 30,如果公司股票连续三十个交易日中至少有十五个交 易日的收盘价格不低于当期转股价格的 130%(含 130%),
113063,赛轮转债,129.704,601058,赛轮轮胎,20.09,14.497,2023-05-08,8.89,130,11.56,11.17,,0/15 | 30,如果公司 A 股股票连续 30 个交易日中至少有 15 个交易日的收盘价格不低于当期转股价格的 130%（含 130%）,
113636,甬金转债,112.255,603995,甬金股份,10.0,9.995,2022-06-17,27.66,130,35.96,19.4,,0/15 | 30,如果公司股票连续三十个交易日中至少有十五个交易日的收盘价格不低于当期转股价格的 130%（含 130%）,
113640,苏利转债,105.801,603585,苏利股份,9.572,9.572,2022-08-22,19.16,130,24.91,14.28,,0/15 | 30,如果公司股票连续三十个交易日中至少有十五个交易日的收盘价格不低于当期转股价格的 130%（含 130%）。,
113639,华正转债,123.033,603186,华正新材,5.7,5.699,2022-07-28,38.51,130,50.06,34.08,,0/15 | 30,如果公司股票在任何连续三十个交易日中至少十五个交易日的收盘价格不低于当期转股价格的 130%（含 130%）,
113638,台21转债,112.536,603055,台华新材,6.0,5.999,2022-07-05,16.6,130,21.58,11.95,,0/15 | 30,如果公司股票在任何连续三十个交易日中至少十五个交易日的收盘价格不低于当期转股价格的 130%（含 130%）,
113637,华翔转债,118.95,603112,华翔股份,8.0,7.998,2022-06-28,12.57,130,16.34,12.04,,0/15 | 30,如果公司股票在任何连续三十个交易日中至少有十五个交易日的收盘价格不低于当期转股价格的130%(含 130%),
113627,太平转债,106.906,603877,太平鸟,8.0,8.0,2022-01-21,21.81,130,28.35,15.23,,0/15 | 30,如果公司股票在任意连续三十个交易日中至少十五个交 易日的收盘价格不低于当期转股价格的 130%(含 130%),
113625,江山转债,110.324,603208,江山欧派,5.83,5.825,2021-12-20,55.04,130,71.55,28.99,,0/15 | 30,如果公司股票在任何连续三十个交易日中至少十五个交易日的收盘价格不低于当期转股价格的 130%(含 130%),
113616,韦尔转债,112.608,603501,韦尔股份,24.4,24.329,2021-07-05,162.8,130,211.64,108.73,,0/15 | 30,如果公司A股股票连续三十个交易日中至少有十五个交易日的收盘价格不低于当期转股价格的 130%(含 130%),
110081,闻泰转债,102.994,600745,闻泰科技,86.0,85.974,2022-02-07,96.61,130,125.59,42.04,,0/15 | 30,如果公司股票连续三十个交易日中至少有十五个交易日的收盘价格不低于当期转股价格的 130%(含 130%),
111009,盛泰转债,105.789,605138,盛泰集团,7.012,7.011,2023-05-11,10.7,130,13.91,7.83,,0/15 | 30,如果公司股票在任何连续三十个交易日中至少十五个交易日的收盘价格不低于当期转股价格的 130%（含 130%）,
113037,紫银转债,105.46,601860,紫金银行,45.0,44.995,2021-01-29,3.85,130,5.0,2.5,,0/15 | 30,如果发行人A股股票连续三十个交易日中至少有十五个交易日的收盘价格不低于当期转股价格的 130%(含 130%),
113618,美诺转债,114.605,603538,美诺华,5.2,4.767,2021-07-20,26.35,130,34.26,19.05,,0/15 | 30,如果公司股票在任何连续三十个交易日中至少十五个交 易日的收盘价格不低于当期转股价格的 130%(含 130%),
113619,世运转债,120.268,603920,世运电路,10.0,9.997,2021-07-26,18.72,130,24.34,17.69,,0/15 | 30,如果公司股票在任何连续三十个交易日中至少十五个交易日的收盘价格不低于当期转股价格的130%(含 130%),
113624,正川转债,107.826,603976,正川股份,4.05,4.049,2021-11-08,46.32,130,60.22,19.95,,0/15 | 30,如果本公司股票连续 30 个交易日 中至少有 15 个交易日的收盘价格不低于当期转股价格的 130%(含 130%),
113623,凤21转债,113.003,603225,新凤鸣,25.0,24.999,2021-10-14,16.25,130,21.12,13.18,,0/15 | 30,如果本公司股票连续 30 个交易日中至少有 15 个交易日的收盘价格不低于当期转股价格的130%(含 130%),
110079,杭银转债,106.101,600926,杭州银行,150.0,149.985,2021-10-08,12.24,130,15.91,9.64,,0/15 | 30,如果公司普通股股票连续三十个交易日中至少有十五个交易日的收盘价格不低于当期转股价格的 130%(含 130%),
113621,彤程转债,136.682,603650,彤程新材,8.002,5.363,2021-08-02,32.45,130,42.19,33.02,,0/15 | 30,如果公司A股股票连续三十个交易日中至少有十五个交易日的收盘价不低于当期转股价格的130%(含 130%),
113606,荣泰转债,110.054,603579,荣泰健康,6.0,5.999,2021-05-06,31.66,130,41.16,21.27,,0/15 | 30,如果公司A股股票连续三十个交易日中至少有十五个交易日的收盘价不低于当期转股价格的130%(含130%),
110085,通22转债,105.955,600438,通威股份,120.0,119.832,2022-09-02,35.5,130,46.15,23.33,,0/15 | 30,如果公司A股股票连续三十个交易日中至少有十五个交易日的收盘价不低于当期转股价格的130%（含 130%）,
113532,海环转债,119.0,603817,海峡环保,4.6,4.585,2019-10-09,6.15,130,8.0,6.5,,0/15 | 30,在转股期内，如果公司股票在任何连续三十个交易日中至少十五个交易日的收盘价格不低于当期转股价格的130%(含130%),
113530,大丰转债,122.828,603081,大丰实业,6.3,6.297,2019-10-08,13.0,130,16.9,12.42,,0/15 | 30,在转股期内，如果公司股票在任何连续三十个交易日中至少十五个交易日的收盘价格不低于当期转股价格的130%(含130%),
113527,维格转债,122.555,603518,锦泓集团,7.46,2.862,2019-07-30,9.65,130,12.54,9.25,,0/15 | 30,在本次发行的可转换公司债券转股期内，如果公司A股股票连续三十个交易日中至少有十五个交易日的收盘价格不低于当期转股价格的130%（含130%）,
110093,神马转债,113.421,600810,神马股份,30.0,30.0,2023-09-22,8.25,130,10.72,7.59,,0/15 | 30,公司股票连续三十个交易日中至少有十五个交易日的收盘价格不低于当期转股价格的130%（含）,
110092,三房转债,102.207,600370,三房巷,25.0,25.0,2023-07-12,3.02,130,3.93,2.41,,0/15 | 30,当公司股票在任何连续三十个交易日中至少有十五个交易日的收盘价格不低于当期转股价格的 130%（含 130%）,
110089,兴发转债,104.011,600141,兴发集团,28.0,27.997,2023-03-28,30.0,130,39.0,17.27,,0/15 | 30,如果公司股票连续三十个交易日中至少有十五个交易日的收盘价格不低于当期转股价格的130%（含130%）,
110088,淮22转债,125.243,600985,淮北矿业,30.0,30.0,2023-03-20,14.12,130,18.36,16.46,,0/15 | 30,如果公司股票连续三十个交易日中至少有十五个交易日的收盘价格不低于当期转股价格的 130%（含 130%）,
113549,白电转债,123.705,603861,白云电器,8.8,8.039,2020-05-21,9.0,130,11.7,9.51,,0/15 | 30,在本次发行的可转债转股期内，如果公司A股股票连续30个交易日中至少有15个交易日的收盘价格不低于当期转股价格的130%(含 130%),
113545,金能转债,111.822,603113,金能科技,15.0,9.864,2020-04-20,9.96,130,12.95,8.2,,0/15 | 30,如果公司股票在任何连续三十个交易日中至少有十五个交易日的收盘价格不低于当期转股价格的130%(含 130%),
113542,好客转债,110.589,603898,好莱客,6.3,6.026,2020-02-12,15.39,130,20.01,10.97,,0/15 | 30,如果公司A股股票连续三十个交易日中至少有十五个交易日的收盘价格不低于当期转股价格的130%(含 130%),
113526,联泰转债,122.311,603797,联泰环保,3.9,1.927,2019-07-29,5.72,130,7.44,5.66,,0/15 | 30,在本次发行的可转换公司债券转股期内，如果公司 A 股股票连续三十个交易日中至少有十五个交易日的收盘价不低于当期转股价格的 130%（含 130%）,
113524,奇精转债,124.016,603677,奇精机械,3.3,3.297,2019-06-20,13.53,130,17.59,14.47,,0/15 | 30,在本次发行的可转换公司债券转股期内，如果公司 A 股股票连续三十个交易日中至少有十五个交易日的收盘价不低于当期转股价格的 130%（含 130%）,
113062,常银转债,106.294,601128,常熟银行,60.0,59.998,2023-03-21,7.83,130,10.18,6.49,,0/15 | 30,如果本行 A 股股票连续三十个交易日中至少有十五个交易日的收盘价格不低于当期转股价格的 130%（含 130%）,
111001,山玻转债,109.384,605006,山东玻纤,6.0,5.999,2022-05-12,11.12,130,14.46,6.8,,0/15 | 30,如果公司A股股票连续三十个交易日中至少有十五个交易日的收盘价不低于当期转股价格的130%(含130%),
113065,齐鲁转债,99.869,601665,齐鲁银行,80.0,73.008,2023-06-05,5.49,130,7.14,3.93,,0/15 | 30,如果本行 A 股股票连续三十个交易日中至少有十五个交易日的收盘价格不低于当期转股价格的 130%（含 130%）,
113064,东材转债,124.595,601208,东材科技,14.0,13.999,2023-05-22,11.65,130,15.14,11.72,,0/15 | 30,公司股票连续三十个交易日中至少有十五个交易日的收盘价不低于当期转股价格的 130%（含 130%）,
111000,起帆转债,119.761,605222,起帆电缆,10.0,9.993,2021-11-29,19.75,130,25.68,18.23,,0/15 | 30,如果公司A股股票连续30个交易日中至少有15个交易日的收盘价格不低于当期转股价格的130%(含130%),
113061,拓普转债,127.486,601689,拓普集团,25.0,24.997,2023-01-20,70.92,130,92.2,73.21,,0/15 | 30,如果公司 A 股股票连续三十个交易日中至少有十五个交易日的收盘价不低于当期转股价格的 130%（含 130%）,
113516,苏农转债,108.082,603323,苏农银行,25.0,12.885,2019-02-11,5.04,130,6.55,4.1,,0/15 | 30,在本次发行可转债的转股期内，如果公司A股股票连续三十个交易日中至少有十五个交易日的收盘价格不低于当期转股价格的130%（含130%），经相关监管部门批准（如需），公司有权按照债券面值加当期应计利息的价格赎回全部或部分未转股的可转债,
113505,杭电转债,109.563,603618,杭电股份,7.8,7.497,2018-09-12,5.93,130,7.71,6.11,,0/15 | 30,在转股期内，如果公司股票在任何连续三十个交易日中至少十五个交易日的收盘价格不低于当期转股价格的 130%（含 130%）,
113504,艾华转债,110.298,603989,艾华集团,6.91,4.626,2018-09-08,20.21,130,26.27,21.51,,0/15 | 30,在转股期内，如果公司股票在任何连续三十个交易日中至少十五个交易日的收盘价格不低于当期转股价格的 130%（含 130%）,
113060,浙22转债,124.149,601878,浙商证券,70.0,69.997,2022-12-20,10.19,130,13.25,10.49,,0/15 | 30,如果公司 A 股股票连续三十个交易日中至少有十五个交易日的收盘价格不低于当期转股价格的 130%(含 130%),
113561,正裕转债,135.4,603089,正裕工业,2.9,1.379,2020-07-07,9.88,130,12.84,11.29,,0/15 | 30,在本次发行的可转换公司债券转股期内，如果公司股票连续 30 个交易 日中至少有 15 个交易日的收盘价格不低于当期转股价格的 130%(含 130%),
113563,柳药转债,115.992,603368,柳药集团,8.022,8.017,2020-07-22,22.89,130,29.76,19.35,,0/15 | 30,如果公司A股股票连续三十个交易日中至少有十五个交易日的收盘价格不低于当期转股价格的130%(含 130%),
113596,城地转债,97.467,603887,城地香江,12.0,11.984,2021-02-04,24.26,130,31.54,8.02,,0/15 | 30,如果公司股票连续30个交易日中至少有15个交易日的收盘价格不低于当期转股价格的130%(含130%),
113595,花王转债,115.881,603007,ST花王,3.3,1.316,2021-01-27,4.48,130,5.83,5.27,,0/15 | 30,在转股期内，如果公司股票在任何连续三十个交易日中至少十五个交易日的收盘价格不低于当期转股价格的 130%(含 130%),
113593,沪工转债,114.225,603131,上海沪工,4.0,3.997,2021-01-25,21.1,130,27.43,14.55,,0/15 | 30,如果公司 A 股股票连续三十个交易日中至少有十五个交易日的收盘价不低于当期转股价格的 130%(含 130%),
110086,精工转债,101.784,600496,精工钢构,20.0,20.0,2022-10-28,4.92,130,6.4,2.99,,0/15 | 30,如果公司股票在任何连续三十个交易日中至少有十五个交易日的收盘价格不低于当期转股价格的 130%（含 130%）,
113597,佳力转债,128.801,603912,佳力图,3.0,2.98,2021-02-05,10.79,130,14.03,8.72,,0/15 | 30,如果公司A股股票连续三十个交易日中至少有十五个交易日的收盘价格高于当期转股价格的130%(含 130%),
113598,法兰转债,127.767,603966,法兰泰克,3.3,2.752,2021-02-08,7.68,130,9.98,8.0,,0/15 | 30,如果公司股票在任何连续三十个交易日中至少十五个交易日的收盘价格不低于当期转股价格的130%,
113605,大参转债,108.013,603233,大参林,14.05,14.047,2021-04-28,47.11,130,61.24,24.79,,0/15 | 30,如果公司A股股票连续三十个交易日中至少有十五个交易日的收盘价格不低于当期转股价格的130%(含 130%),
113602,景20转债,120.02,603228,景旺电子,17.8,17.798,2021-03-01,23.08,130,30.0,22.0,,0/15 | 30,如果公司股票在任何连续三十个交易日中至少十五个交易日的收盘价格不低于当期转股价格的 130%(含 130%),
113601,塞力转债,103.56,603716,塞力医疗,5.433,5.423,2021-03-01,16.98,130,22.07,11.64,,0/15 | 30,如果公司股票连续三十个交易日中至少有十五个交易日的收盘价格不低于当期转股价格的130%(含 130%),
113600,新星转债,117.746,603978,深圳新星,5.95,4.53,2021-02-19,17.45,130,22.68,16.12,,0/15 | 30,如果公司股票在任意连续三十个交易日中至少有十五个交易 日的收盘价格不低于当期转股价格的130%(含 130%),
113584,家悦转债,104.95,603708,家家悦,6.45,6.449,2020-12-14,35.8,130,46.54,14.1,,0/15 | 30,如果公司股票在任何连续三十个交易日中至少十五个交易 日的收盘价格不低于当期转股价格的 130%(含 130%),
113582,火炬转债,127.702,603678,火炬电子,6.0,4.172,2020-12-02,24.15,130,31.39,25.47,,0/15 | 30,公司 A 股股票连续三十个交易日中至少有十五个交易日的收盘价格不低于当期转股价格的 130%（含130%）,
110087,天业转债,100.694,600075,新疆天业,30.0,29.999,2022-11-29,6.8,130,8.84,4.22,,0/15 | 30,如果公司股票在任何连续三十个交易日中至少十五个交易日的收盘价格不低于当期转股价格的 130%（含 130%）,
113569,科达转债,110.669,603660,苏州科达,5.16,5.137,2020-09-14,14.57,130,18.94,9.02,,0/15 | 30,如果公司 A 股股票连续三十个交易日中至少有十五个交易日的收盘价不低于当期转股价格的130%(含 130%),
113566,翔港转债,127.412,603499,翔港科技,2.0,1.611,2020-09-07,10.74,120,12.89,10.78,,0/15 | 30,在转股期内，如果公司股票在任何连续三十个交易日中至少十五个交易日的收盘价格不低于当期转股价格的120%(含 120%),
113565,宏辉转债,119.973,603336,宏辉果蔬,3.32,2.247,2020-09-03,5.85,130,7.61,5.18,,0/15 | 30,如果公司股票连续三十个交易日中至少有十五个交易日的收盘价格不低于当期转股价格的130%(含 130%),
113573,纵横转债,120.321,603602,纵横通信,2.7,2.698,2020-10-23,18.64,130,24.23,15.04,,0/15 | 30,如果公司股票在任何连续30个交易日中至少15个交易日的收盘价格不低于当期转股价格的130%(含 130%),
113574,华体转债,113.388,603679,华体科技,2.088,2.086,2020-10-09,30.71,130,39.92,14.63,,0/15 | 30,如果公司A股股票在连续三十个交易日中至少有十五个交易日的收盘价格不低于当期转股价格的130%(含 130%),
113579,健友转债,114.472,603707,健友股份,5.032,5.023,2020-10-29,24.54,130,31.9,15.16,,0/15 | 30,如果公司股票连续三十个交易日中至少有十五个交易日的收盘价格不低于当期转股价格的 130%(含 130%),
113577,春秋转债,133.964,603890,春秋电子,2.4,1.777,2020-10-20,10.65,130,13.85,11.03,,0/15 | 30,如果本公司A股股票连续30个交易日中至少有15个交易日的收盘价格不低于当期转股价格的 130%(含 130%),
113576,起步转债,95.28,603557,ST起步,5.2,2.393,2020-10-16,2.6,130,3.38,2.15,,0/15 | 30,如果公司 A 股股票连续三十个交易日中至少有十五个交易日的收盘价格不低于当期转股价格的 130%(含 130%),
113575,东时转债,163.528,603377,东方时尚,4.28,0.982,2020-10-15,12.15,130,15.79,5.07,,0/15 | 30,如果公司A股股票连续三十个交易日中至少有十五个交易日的收盘价格不低于当期转股价格的130%(含 130%),
113641,华友转债,100.881,603799,华友钴业,76.0,75.985,2022-09-02,81.18,130,105.53,29.74,,0/15 | 30,公司股票连续三十个交易日中至少有十五个交易日的收盘价格不低于当期转股价格的 130%（含 130%）,
110076,华海转债,106.071,600521,华海药业,18.426,18.424,2021-05-06,33.67,130,43.77,14.58,,0/15 | 30,公司股票在任何连续三十个交易日中至少十五个交易日收盘价格不低于当期转股价格的130%(含130%),
118016,京源转债,116.379,688096,京源环保,3.325,3.325,2023-02-13,9.82,130,12.77,9.35,,0/15 | 30,如果公司 A 股股票连续三十个交易日中至少有十五个交易日的收盘价不低于当期转股价格的130%（含130%），,
118018,瑞科转债,112.912,688323,瑞华泰,4.3,4.3,2023-02-24,30.91,130,40.18,20.95,,0/15 | 30,在本次发行的可转换公司债券转股期内，如果公司 A 股股票连续三十个交易日中至少有十五个交易日的收盘价不低于当期转股价格的 130%（含 130%）,
118015,芯海转债,116.606,688595,芯海科技,4.1,4.1,2023-01-30,55.67,130,72.37,41.15,,0/15 | 30,如果公司股票在任何连续三十个交易日中至少有十五个交易日的收盘价格不低于当期转股价格的 130%（含 130%）,
118014,高测转债,108.631,688556,高测股份,4.833,4.832,2023-01-30,58.51,130,76.06,34.96,,0/15 | 30,如果公司 A 股股票连续三十个交易日中至少有十五个交易日的收盘价不低于当期转股价格的 130%（含 130%）,
118013,道通转债,109.048,688208,道通科技,12.8,12.797,2023-01-16,34.71,130,45.12,23.41,,0/15 | 30,如果公司股票在连续三十个交易日中至少十五个交易日的收盘价格不低于当期转股价格的 130%（含 130%）,
118019,金盘转债,125.496,688676,金盘科技,9.767,9.766,2023-03-22,34.45,130,44.78,34.03,,0/15 | 30,如果公司股票连续三十个交易日中至少有十五个交易日的收盘价不低于当期转股价格的 130%（含 130%）,
118020,芳源转债,102.365,688148,芳源股份,6.42,6.418,2023-03-29,18.63,130,24.22,7.19,,0/15 | 30,如果公司股票在连续三十个交易日中至少十五个交易日的收盘价格不低于当期转股价格的 130%（含 130%）,
118024,冠宇转债,118.601,688772,珠海冠宇,30.89,30.89,2023-04-28,23.59,120,28.31,20.72,,0/15 | 30,"如果公司股票在连续三十个交易日中至少十五个交易日的收盘价格不低于当期转股价格的 120%（含 120%）或本次发行的可转换公司债券未转股余额不足 5,000 万元时",
118023,广大转债,99.646,688186,广大特材,15.5,15.5,2023-04-19,33.07,130,42.99,17.45,,0/15 | 30,如果公司股票在连续三十个交易日中至少十五个交易日的收盘价格不低于当期转股价格的 130%（含 130%）；,
118022,锂科转债,97.108,688779,长远锂科,32.5,32.497,2023-04-17,15.53,130,20.19,6.99,,0/15 | 30,如果公司 A股股票在连续三十个交易日中至少十五个交易日的收盘价格不低于当期转股价格的130%（含）,
110067,华安转债,111.913,600909,华安证券,28.0,27.994,2020-09-18,6.02,130,7.83,4.69,,0/15 | 30,如果公司A股股票连续三十个交易日中至少有十五个交易日的收盘价格不低于当期转股价格的130%(含 130%),
110070,凌钢转债,116.574,600231,凌钢股份,4.4,2.17,2020-10-19,2.59,130,3.37,2.19,,0/15 | 30,如果公司 A 股股票连续三十个交易日中至少有十五个交易日的收盘价格不低于当期转股价格的130%(含 130%),
118012,微芯转债,120.648,688321,微芯生物,5.0,4.999,2023-01-11,25.36,130,32.97,21.79,,0/15 | 30,如果公司股票在连续三十个交易日中至少十五个交易日的收盘价格不低于当期转股价格的 130%（含 130%）,
110072,广汇转债,91.419,600297,广汇汽车,33.7,33.659,2021-02-24,4.03,130,5.24,1.71,,0/15 | 30,如果公司股票在任何连续三十个交易日中至少十五个交易日 的收盘价格不低于当期转股价格的130%(含 130%),
118005,天奈转债,100.643,688116,天奈科技,8.3,8.299,2022-08-09,103.75,130,134.88,26.69,,0/15 | 30,如果公司股票连续三十个交易日中至少有十五个交易日的收盘价不低于当期转股价格的 130%（含 130%）,
110075,南航转债,118.4,600029,南方航空,160.0,58.96,2021-04-21,6.17,130,8.02,5.68,,0/15 | 30,如果公司A股股票在任何连续三十个交易日中至少十五个交易日的收盘价格不低于当期转股价格的 130%(含 130%),
118003,华兴转债,131.204,688001,华兴源创,8.0,7.998,2022-06-06,30.43,130,39.56,33.58,,0/15 | 30,如果公司A股股票连续三十个交易日中至少有十五个交易日的收盘价不低于当期转股价格的 130%(含 130%),
118000,嘉元转债,106.457,688388,嘉元科技,12.4,9.784,2021-09-01,50.48,130,65.62,19.08,,0/15 | 30,如果公司股票在任何连续三十个交易日中至少十五个交易日的收盘价格不低于当期转股价格的 130%(含 130%),
118006,阿拉转债,113.349,688179,阿拉丁,3.874,3.87,2022-09-21,28.29,130,36.78,18.77,,0/15 | 30,如果公司股票在连续三十个交易日中至少十五个交易日的收盘价格不低于当期转股价格的 130%（含 130%）,
118007,山石转债,122.858,688030,山石网科,2.674,2.673,2022-09-28,24.52,130,31.88,19.85,,0/15 | 30,如果公司股票在连续三十个交易日中至少十五个交易日的收盘价格不低于当期转股价格的 130%（含 130%）,
118011,银微转债,119.2,688689,银河微电,5.0,4.997,2023-01-09,31.73,130,41.25,27.67,,0/15 | 30,如果公司股票在连续三十个交易日中至少十五个交易日的收盘价格不低于当期转股价格的 130%（含 130%）,
118010,洁特转债,101.114,688026,洁特生物,4.4,4.4,2023-01-04,48.09,130,62.52,17.05,,0/15 | 30,如果公司股票连续三十个交易日中至少有十五个交易日的收盘价不低于当期转股价格的 130%（含 130%）,
118009,华锐转债,122.155,688059,华锐精密,4.0,3.999,2022-12-30,92.45,130,120.19,78.28,,0/15 | 30,如果公司股票在连续三十个交易日中至少十五个交易日的收盘价格不低于当期转股价格的 130%（含 130%）,
118008,海优转债,100.4,688680,海优新材,6.94,6.939,2022-12-29,217.3,130,282.49,55.88,,0/15 | 30,如果公司A股股票连续三十个交易日中至少有十五个交易日的收盘价不低于当期转股价格的 130%（含 130%）,
118025,奕瑞转债,129.331,688301,奕瑞科技,14.35,14.35,2023-04-28,229.82,130,298.77,275.05,,0/15 | 30,如果公司股票在连续三十个交易日中至少十五个交易日的收盘价格不低于当期转股价格的 130%（含 130%）,
118026,利元转债,104.441,688499,利元亨,9.5,9.5,2023-04-28,45.0,130,58.5,36.06,,0/15 | 30,如果公司股票连续三十个交易日中至少有十五个交易日的收盘价不低于当期转股价格的 130%（含 130%）,
110062,烽火转债,110.5,600498,烽火通信,30.884,30.873,2020-06-08,22.67,130,29.47,16.54,,0/15 | 30,在本次发行的可转换公司债券转股期内，如果公司股票连续30个交易日中至少有15个交易日的收盘价格不低于当期转股价格的130%（含 130%）,
123011,德尔转债,117.368,300473,德尔股份,5.647,2.503,2019-01-24,20.18,130,26.23,18.2,,0/15 | 30,在转股期内，如果公司股票在任何连续三十个交易日中至少十五个交易日的收盘价格不低于当期转股价格的 130%（含 130%）,
123010,博世转债,111.198,300422,博世科,4.3,4.296,2019-01-11,6.14,130,7.98,6.11,,0/15 | 30,在本次发行的可转债转股期内，如果公司 A 股股票在任意连续 30 个交易日中至少有 15 个交易日的收盘价不低于当期转股价格的 130%（含 130%）,
111010,立昂转债,104.212,605358,立昂微,33.9,33.897,2023-05-18,44.96,130,58.45,26.7,,0/15 | 30,如果公司 A 股股票连续三十个交易日中至少有十五个交易日的收盘价格不低于当期转股价格的 130%（含 130%）,
111013,新港转债,125.3,605162,新中港,3.691,3.688,2023-09-14,9.03,130,11.74,9.17,,0/15 | 30,如果公司 A 股股票连续 30 个交易日中至少有 15 个交易日的收盘价格不低于当期转股价格的 130%,
110059,浦发转债,107.297,600000,浦发银行,500.0,499.986,2020-05-06,13.24,130,17.21,6.57,,0/15 | 30,如果公司普通股股票连续三十个交易日中至 少有十五个交易日的收盘价格不低于当期转股价格的 130%(含 130%),
110047,山鹰转债,109.395,600567,山鹰国际,23.0,22.455,2019-05-27,2.37,130,3.08,1.97,,0/15 | 30,在本次发行的可转换公司债券转股期内，如果公司 A 股股票连续三十个交易日中至少有十五个交易日的收盘价不低于当期转股价格的 130%（含 130%）,
110044,广电转债,234.659,600831,广电网络,8.0,0.706,2019-01-03,6.82,130,8.87,6.1,,0/15 | 30,在本次发行可转债的转股期内，如果发行人A股股票连续三十个交易日中至少有十五个交易日的收盘价格不低于当期转股价格的130%(含130%)，,
110045,海澜转债,123.739,600398,海澜之家,30.0,26.702,2019-01-19,6.1,130,7.93,7.56,,0/15 | 30,在本次发行的可转换公司债券转股期内，如果公司 A 股股票连续三十个交易日中至少有十五个交易日的收盘价格不低于当期转股价格的 130%（含 130%）,
123022,长信转债,138.28,300088,长信科技,12.3,2.562,2019-09-23,5.9,130,7.67,6.48,,0/15 | 30,在本次发行的可转债转股期内，如果公司股票连续三十个交易日中至少有十五个交易日的收盘价格不低于当期转股价格的 130%（含 130%）,
123018,溢利转债,284.199,300381,溢多利,6.65,0.541,2019-06-26,8.05,130,10.46,7.47,,0/15 | 30,在转股期内，公司股票在任意连续三十个交易日中至少十五个交易日的收盘价格不低于当期转股价格的 130%（含 130%）,
111008,沿浦转债,129.122,605128,上海沿浦,3.84,3.839,2023-05-08,46.99,130,61.09,51.52,,0/15 | 30,如果公司 A 股股票连续三十个交易日中至少有十五个交易日的收盘价格不低于当期转股价格的 130%（含 130%）,
118035,国力转债,119.8,688103,国力股份,4.8,4.8,2023-12-18,62.79,130,81.63,47.5,,0/15 | 30,如果公司 A 股股票在连续三十个交易日中至少十五个交易日的收盘价格不低于当期转股价格的 130%（含 130%）；,
110064,建工转债,109.863,600939,重庆建工,16.6,12.646,2020-06-29,4.47,130,5.81,3.27,,0/15 | 30,如果公司股票在任何连续三十个交易日中至少十五个交易日的收盘价格不低于当期转股价格的130%(含 130%),
118029,富淼转债,109.547,688350,富淼科技,4.5,4.5,2023-06-21,20.01,130,26.01,16.21,,0/15 | 30,如果公司股票连续三十个交易日中至少有十五个交易日的收盘价不低于当期转股价格的 130%（含 130%）,
118028,会通转债,125.724,688219,会通股份,8.3,8.3,2023-06-12,9.31,130,12.1,10.87,,0/15 | 30,如果公司 A 股股票连续三十个交易日中至少有十五个交易日的收盘价不低于当期转股价格的 130%（含 130%），,
118027,宏图转债,112.379,688066,航天宏图,10.088,10.088,2023-06-02,62.98,130,81.87,45.7,,0/15 | 30,如果公司股票在连续 30 个交易日中至少 15 个交易日的收盘价格不低于当期转股价格的 130%（含 130%）；,
118030,睿创转债,134.0,688002,睿创微纳,15.647,15.638,2023-07-06,39.92,130,51.9,46.05,,0/15 | 30,如果公司 A 股股票在连续三十个交易日中至少十五个交易日的收盘价格不低于当期转股价格的 130%（含 130%）,
118031,天23转债,99.914,688599,天合光能,88.648,88.647,2023-08-17,69.21,130,89.97,25.84,,0/15 | 30,如果公司 A 股股票连续三十个交易日中至少有十五个交易日的收盘价不低于当期转股价格的 130%（含 130%）,
110063,鹰19转债,106.47,600567,山鹰国际,18.6,18.092,2020-06-19,2.37,130,3.08,1.97,,0/15 | 30,如果公司A股股票连续三十个交易日中至少有十五个交易日的收盘价不低于当期转股价格的130%(含 130%),
118034,晶能转债,101.563,688223,晶科能源,100.0,100.0,2023-10-26,13.7,120,16.44,8.25,,0/15 | 30,在本次发行的可转换公司债券转股期内，如果公司A股股票连续三十个交易日中至少有十五个交易日的收盘价不低于当期转股价格的120%（含）,
118033,华特转债,118.242,688268,华特气体,6.46,6.46,2023-09-27,83.75,130,108.88,65.38,,0/15 | 30,如果公司股票在连续三十个交易日中至少十五个交易日的收盘价格不低于当期转股价格的 130%（含 130%）,
118032,建龙转债,105.357,688357,建龙微纳,7.0,7.0,2023-09-14,87.14,130,113.28,49.17,,0/15 | 30,如果公司 A 股股票在连续三十个交易日中至少十五个交易日的收盘价格不低于当期转股价格的130%（含）,
113021,中信转债,111.7,601998,中信银行,400.0,397.92,2019-09-09,6.1,130,7.93,5.24,,0/15 | 30,在转股期内，如果公司股票在任何连续 30 个交易日中至少 15 个交易日的收盘价格不低于当期转股价格的 130%（含 130%）,
118004,博瑞转债,125.354,688166,博瑞医药,4.65,4.649,2022-07-11,34.94,130,45.42,32.97,,0/15 | 30,如果公司股票连续三十个交易日中至少有十五个交易日的收盘价不低于当期转股价格的 130%（含 130%）,
113652,伟22转债,100.9,603568,伟明环保,14.77,14.77,2023-01-30,32.56,130,42.33,16.45,,0/15 | 30,如果公司股票任何连续三十个交易日中至少十五个交易日的收盘价不低于当期转股价格的 130%（含 130%）,
113653,永22转债,106.97,603681,永冠新材,7.7,7.7,2023-02-03,22.59,130,29.37,14.69,,0/15 | 30,如果公司股票连续三十个交易日中至少有十五个交易日的收盘价格不低于当期转股价格的 130%（含 130%）,
113654,永02转债,115.88,603901,永创智能,6.105,6.104,2023-02-10,13.94,130,18.12,11.37,,0/15 | 30,如果公司A股股票连续30个交易日中至少有15个交易日的收盘价格不低于当期转股价格的130%（含 130%）,
113651,松霖转债,127.302,603992,松霖科技,6.1,6.099,2023-01-30,16.13,130,20.97,18.41,,0/15 | 30,如果公司股票在任何连续三十个交易日中至少有十五个交易日的收盘价格不低于当期转股价格的 130%（含 130%）,
113650,博22转债,105.188,603916,苏博特,8.0,7.999,2023-01-09,23.65,130,30.75,10.58,,0/15 | 30,如果公司股票在任何连续三十个交易日中至少十五个交易日的收盘价格不低于当期转股价格的 130%（含 130%）,
113664,大元转债,124.717,603757,大元泵业,4.5,4.5,2023-06-09,22.28,130,28.96,23.6,,0/15 | 30,如果公司 A 股股票连续三十个交易日中至少有 15 个交易日的收盘价格不低于当期转股价格的 130%（含 130%）,
113663,新化转债,121.805,603867,新化股份,6.5,6.499,2023-06-02,31.86,130,41.42,31.66,,0/15 | 30,如果公司 A 股股票连续三十个交易日中至少有十五个交易日的收盘价格不低于当期转股价格的 130%（含 130%）,
113655,欧22转债,103.189,603833,欧派家居,20.0,19.999,2023-02-13,123.69,130,160.8,66.9,,0/15 | 30,如果公司股票在任何连续三十个交易日中至少有十五个交易日的收盘价格不低于当期转股价格的 130%（含 130%）,
113656,嘉诚转债,119.531,603535,嘉诚国际,8.0,8.0,2023-03-07,22.9,130,29.77,18.62,,0/15 | 30,如果公司股票在任何连续 30 个交易日中至少有 15 个交易日的收盘价格不低于当期转股价格的 130%（含 130%）；,
113660,寿22转债,120.082,603896,寿仙谷,3.98,3.977,2023-05-23,37.65,130,48.95,31.96,,0/15 | 30,如果公司A股股票连续三十个交易日中至少有十五个交易日的收盘价不低于当期转股价格的130%（含130%）,
113659,莱克转债,106.109,603355,莱克电气,12.0,12.0,2023-04-20,33.21,130,43.17,21.65,,0/15 | 30,如果公司股票在任何连续 30 个交易日中至少 15 个交易日的收盘价格不低于当期转股价格的 130%（含 130%）,
113661,福22转债,102.622,603806,福斯特,30.3,30.299,2023-05-29,46.37,130,60.28,21.72,,0/15 | 30,如果公司股票在任何连续三十个交易日中至少有十五个交易日的收盘价格不低于当期转股价格的 130%（含 130%）；,
113662,豪能转债,121.032,603809,豪能股份,5.0,5.0,2023-06-01,12.61,130,16.39,11.45,,0/15 | 30,如果公司股票连续三十个交易日中至少十五个交易日的收盘价不低于当期转股价格的 130%（含 130%）；,
113657,再22转债,108.036,603601,再升科技,5.1,5.1,2023-04-12,6.0,130,7.8,4.27,,0/15 | 30,如果公司股票在任何连续三十个交易日中至少十五个交易日的收盘价格不低于当期转股价格的 130%（含 130%）,
111007,永和转债,125.121,605020,永和股份,8.0,7.996,2023-04-17,23.83,130,30.98,24.53,,0/15 | 30,公司股票连续三十个交易日中至少有十五个交易日的收盘价格不低于当期转股价格的 130%（含 130%）,
113665,汇通转债,106.981,603176,汇通集团,3.6,3.6,2023-06-21,8.21,130,10.67,6.15,,0/15 | 30,如果公司股票在任何连续三十个交易日中至少有十五个交易日的收盘价格不低于当期转股价格的 130%（含 130%）；,
113666,爱玛转债,105.35,603529,爱玛科技,20.0,20.0,2023-09-01,39.64,130,51.53,25.17,,0/15 | 30,如果公司股票在任何连续 30 个交易日中至少 15 个交易日的收盘价格不低于当期转股价格的 130%（含 130%）,
110074,精达转债,129.04,600577,精达股份,7.87,5.093,2021-02-25,3.57,130,4.64,3.98,,0/15 | 30,如果公司股票连续三十个交易日中至少有十五个交易日的收盘价格不低于当期转股价格的130%(含 130%),
113643,风语转债,122.441,603466,风语筑,5.0,4.999,2022-10-10,15.23,130,19.8,14.0,,0/15 | 30,如果公司股票在任何连续三十个交易日中至少十五个交易日的收盘价格不低于当期转股价格的 130%（含 130%）,
113644,艾迪转债,108.393,603638,艾迪精密,10.0,10.0,2022-11-18,23.74,130,30.86,16.02,,0/15 | 30,当公司股票在任何连续三十个交易日中至少有十五个交易日的收盘价格不低于当期转股价格的130%（含 130%）；,
113033,利群转债,106.702,601366,利群股份,18.0,17.998,2020-10-09,6.8,130,8.84,5.58,,0/15 | 30,如果公司股票在任何连续三十个交易日中至少十五个交 易日的收盘价格不低于当期转股价格的130%(含 130%),
113030,东风转债,118.698,601515,东峰集团,2.953,2.945,2020-06-30,4.96,130,6.45,3.96,,0/15 | 30,如果公司A股股票连续三十个交易日中至少有十五个交易日的收盘价格不低于当期转股价格的130%(含130%),
113024,核建转债,105.998,601611,中国核建,29.963,29.951,2019-10-14,9.2,130,11.96,6.77,,0/15 | 30,在本次发行可转债的转股期内，如果公司股票在任何连续三十个交易日中至少有十五个交易日的收盘价格不低于当期转股价格的 130%（含130%）,
113027,华钰转债,137.994,601020,华钰矿业,6.4,2.383,2019-12-20,7.26,130,9.44,8.92,,0/15 | 30,如果公司A股股票连续三十个交易日中至少有十五个交易日的收盘价格不低于当期转股价格的130%(含130%),
113646,永吉转债,140.289,603058,永吉股份,1.459,1.382,2022-10-20,8.26,130,10.74,9.32,,0/15 | 30,公司股票在任何连续三十个交易日中至少有十五个交易日的收盘价格不低于当期转股价格的 130%（含 130%）,
113670,金23转债,109.856,603180,金牌厨柜,7.7,7.7,2023-10-23,38.85,130,50.51,25.35,,0/15 | 30,如果公司股票在任何连续三十个交易日中至少十五个交易日的收盘价格不低于当期转股价格的130%（含）,
113649,丰山转债,117.407,603810,丰山集团,5.0,4.993,2023-01-03,13.73,130,17.85,13.32,,0/15 | 30,如果公司股票连续三十个交易日中至少有十五个交易日的收盘价格不低于当期转股价格的 130%（含 130%）,
113668,鹿山转债,103.694,603051,鹿山新材,5.24,5.24,2023-10-09,58.68,130,76.28,32.35,,0/15 | 30,公司股票连续三十个交易日中至少有十五个交易日的收盘价格不低于当期转股价格的 130%（含 130%）；,
113667,春23转债,128.14,603890,春秋电子,5.7,5.7,2023-09-25,10.3,130,13.39,11.03,,0/15 | 30,如果公司股票连续三十个交易日中至少有十五个交易日的收盘价格不低于当期转股价格的130%（含130%）；,
110073,国投转债,107.301,600061,国投资本,80.0,79.992,2021-02-01,9.66,130,12.56,6.68,,0/15 | 30,如果公司股票在任何连续三十个交易日中至少有十五个交易日的收盘价格不低于当期转股价格的 130%(含 130%),
113647,禾丰转债,112.392,603609,禾丰股份,15.0,14.67,2022-10-28,10.14,130,13.18,8.42,,0/15 | 30,如果公司股票连续三十个交易日中至少有十五个交易日的收盘价格不低于当期转股价格的 130%（含 130%）,
113658,密卫转债,103.82,603713,密尔克卫,8.724,8.719,2023-03-22,134.07,130,174.29,50.08,,0/15 | 30,如果公司 A 股股票连续三十个交易日中至少有十五个交易日的收盘价格不低于当期转股价格的 130%（含 130%）；,
113669,景23转债,117.5,603228,景旺电子,11.54,11.54,2023-10-11,25.21,130,32.77,22.0,,0/15 | 30,如果公司股票在任何连续三十个交易日中至少十五个交易日的收盘价格不低于当期转股价格的 130%（含 130%）,
111014,李子转债,113.214,605337,李子园,6.0,6.0,2023-12-28,19.47,130,25.31,14.11,,0/15 | 30,如果公司 A 股股票连续三十个交易日中至少有十五个交易日的收盘价格不低于当期转股价格的 130%（含 130%）,
123200,海泰转债,130.9,301022,海泰科,3.966,3.966,2024-01-03,26.69,130,34.7,27.97,,0/15 | 30,如果公司股票在任意连续三十个交易日中至少十五个交易日的收盘价格不低于当期转股价格的 130%（含 130%）,
123201,纽泰转债,135.058,301229,纽泰格,3.5,3.5,2024-01-03,29.88,130,38.84,33.39,,0/15 | 30,如果公司 A 股股票连续三十个交易日中至少有十五个交易日的收盘价不低于当期转股价格的 130%（含 130%）,
118036,力合转债,120.949,688589,力合微,3.8,3.8,2024-01-04,43.72,130,56.84,38.63,,0/15 | 30,如果公司 A 股股票在连续三十个交易日中至少十五个交易日的收盘价格不低于当期转股价格的 130%（含 130%）；,
123203,明电转02,126.001,300739,明阳电路,4.485,4.485,2024-01-08,14.75,130,19.18,15.11,,0/15 | 30,如果公司股票在任意连续三十个交易日中至少十五个交易日的收盘价格不低于当期转股价格的 130%（含 130%）；,
123202,祥源转债,131.3,300980,祥源新材,4.6,4.6,2024-01-08,19.49,130,25.34,23.02,,0/15 | 30,如果公司股票在任何连续三十个交易日中至少有十五个交易日的收盘价格不低于当期转股价格的 130%（含 130%）,
127088,赫达转债,131.014,002810,山东赫达,6.0,6.0,2024-01-08,17.4,130,22.62,20.28,,0/15 | 30,如果公司股票在任何连续三十个交易日中至少十五个交易日的收盘价格不低于当期转股价格的 130%（含 130%）,
118037,上声转债,120.802,688533,上声电子,5.2,5.2,2024-01-12,47.85,130,62.2,39.05,,0/15 | 30,如果公司股票在任何连续三十个交易日中至少有十五个交易日的收盘价格不低于当期转股价格的 130%（含130%）；,
111015,东亚转债,127.011,605177,东亚药业,6.9,6.9,2024-01-12,24.95,130,32.44,26.48,,0/15 | 30,如果公司股票在任何连续三十个交易日中至少有十五个交易日的收盘价格不低于当期转股价格的 130%（含 130%）；,
113671,武进转债,119.391,603878,武进不锈,3.1,3.1,2024-01-15,8.55,130,11.12,7.45,,0/15 | 30,如果公司股票在任何连续三十个交易日中至少有十五个交易日的收盘价格不低于当期转股价格的 130%（含 130%）；,
123204,金丹转债,120.197,300829,金丹科技,7.0,7.0,2024-01-19,20.94,130,27.22,20.49,,0/15 | 30,如果公司股票连续三十个交易日中至少有十五个交易日的收盘价格不低于当期转股价格的 130%（含 130%）,
123205,大叶转债,181.6,300879,大叶股份,4.76,4.76,2024-01-22,20.01,130,26.01,17.3,,0/15 | 30,如果公司 A 股股票在任意连续三十个交易日中至少十五个交易日的收盘价格不低于当期转股价格的 130%（含 130%）,
118038,金宏转债,121.05,688106,金宏气体,10.16,10.16,2024-01-22,27.48,130,35.72,23.05,,0/15 | 30,如果公司 A 股股票连续三十个交易日中至少有十五个交易日的收盘价不低于当期转股价格的 130%（含 130%）,
113672,福蓉转债,135.216,603327,福蓉科技,6.4,6.4,2024-01-24,12.25,130,15.93,12.78,,0/15 | 30,如果公司股票在任何连续三十个交易日中至少有十五个交易日的收盘价格不低于当期转股价格的 130%（含 130%），,
110094,众和转债,111.415,600888,新疆众和,13.75,13.75,2024-01-24,8.2,130,10.66,6.99,,0/15 | 30,如果公司股票在任意连续三十个交易日中至少有十五个交易日的收盘价格高于当期转股价格的 130%,
127089,晶澳转债,99.722,002459,晶澳科技,89.603,89.603,2024-01-24,38.74,130,50.36,18.83,,0/15 | 30,公司股票连续三十个交易日中至少有十五个交易日的收盘价格不低于当期转股价格的 130%（含 130%）；,
113673,岱美转债,121.894,603730,岱美股份,9.079,9.079,2024-01-24,15.72,130,20.44,14.35,,0/15 | 30,如果公司股票连续三十个交易日中至少有十五个交易日的收盘价不低于当期转股价格的 130%（含 130%）,
118039,煜邦转债,114.448,688597,煜邦电力,4.108,4.108,2024-01-26,10.12,130,13.16,8.81,,0/15 | 30,如果公司股票连续三十个交易日中至少有十五个交易日的收盘价不低于当期转股价格的 130%（含 130%）,
123206,开能转债,131.605,300272,开能健康,2.5,2.5,2024-01-26,5.67,130,7.37,6.23,,0/15 | 30,如果公司股票在任何连续三十个交易日中至少十五个交易日的收盘价格不低于当期转股价格的 130%（含 130%）；,
123208,孩王转债,109.602,301078,孩子王,10.39,10.39,2024-01-29,11.64,130,15.13,8.12,,0/15 | 30,如果公司 A 股股票在任意连续三十个交易日中至少十五个交易日的收盘价格不低于当期转股价格的 130%（含 130%）；,
123207,冠中转债,113.56,300948,冠中生态,4.0,4.0,2024-01-29,16.56,130,21.53,14.58,,0/15 | 30,如果公司股票连续三十个交易日中至少有十五个交易日的收盘价格不低于当期转股价格的 130%（含 130%）,
113674,华设转债,120.499,603018,华设集团,4.0,4.0,2024-01-29,8.86,130,11.52,7.64,,0/15 | 30,如果公司 A 股股票在任意连续三十个交易日中至少十五个交易日的收盘价格不低于当期转股价格的 130%（含 130%）；,
127090,兴瑞转债,131.799,002937,兴瑞科技,4.62,4.62,2024-01-29,26.3,130,34.19,27.03,,0/15 | 30,如果公司股票连续三十个交易日中至少有十五个交易日的收盘价格不低于当期转股价格的 130%（含 130%）,
111016,神通转债,137.507,605228,神通科技,5.77,5.77,2024-01-31,11.55,130,15.02,11.93,,0/15 | 30,如果公司股票在连续三十个交易日内至少有十五个交易日的收盘价不低于当期转股价格的130%（含130%）；,
118040,宏微转债,110.875,688711,宏微科技,4.3,4.3,2024-01-31,62.35,130,81.06,38.81,,0/15 | 30,如果公司 A 股股票在连续三十个交易日中至少十五个交易日的收盘价格不低于当期转股价格的 130%（含 130%）；,
123209,聚隆转债,138.658,300644,南京聚隆,2.185,2.185,2024-02-01,18.27,130,23.75,20.75,,0/15 | 30,如果公司 A 股股票在任意连续三十个交易日中至少十五个交易日的收盘价格不低于当期转股价格的 130%；,
123210,信服转债,110.5,300454,深信服,12.148,12.148,2024-02-02,111.74,130,145.26,72.99,,0/15 | 30,如果公司股票在任意连续三十个交易日中至少十五个交易日的收盘价格不低于当期转股价格的 130%（含 130%）；,
123212,立中转债,116.8,300428,立中集团,8.998,8.998,2024-02-02,23.55,130,30.61,18.99,,0/15 | 30,如果公司股票在任意连续三十个交易日中至少十五个交易日的收盘价格不低于当期转股价格的 130%（含 130%）,
123211,阳谷转债,115.6,300121,阳谷华泰,6.5,6.5,2024-02-02,9.87,130,12.83,8.73,,0/15 | 30,如果公司股票连续三十个交易日中至少有十五个交易日的收盘价不低于当期转股价格的 130%（含 130%）；,
113067,燃23转债,117.957,601139,深圳燃气,30.0,30.0,2024-02-02,7.72,130,10.04,6.98,,0/15 | 30,如果公司股票在任意连续三十个交易日中至少有十五个交易日的收盘价格高于当期转股价格的 130%；,
123214,东宝转债,116.269,300239,东宝生物,4.55,4.55,2024-02-05,6.67,130,8.67,6.1,,0/15 | 30,如果公司 A 股股票在连续三十个交易日中至少十五个交易日的收盘价格不低于当期转股价格的 130%（含 130%）,
118041,星球转债,121.3,688633,星球石墨,6.2,6.2,2024-02-05,33.12,130,43.06,29.9,,0/15 | 30,如果公司股票在任意连续三十个交易日中至少有十五个交易日的收盘价格不低于当期转股价格的 130%（含 130%）；,
123213,天源转债,124.91,301127,天源环保,10.0,10.0,2024-02-05,10.3,130,13.39,11.11,,0/15 | 30,如果公司 A 股股票在任意连续三十个交易日中至少十五个交易日的收盘价格不低于当期转股价格的 130%（含 130%）；,
113068,金铜转债,116.69,601609,金田股份,14.5,14.5,2024-02-05,6.75,130,8.78,6.53,,0/15 | 30,如果本公司股票任意连续 30 个交易日中至少有15 个交易日的收盘价不低于当期转股价格的 130%（含 130%）,
123215,铭利转债,115.307,301268,铭利达,10.0,10.0,2024-02-09,37.67,130,48.97,27.86,,0/15 | 30,如果公司股票在任意连续三十个交易日中至少十五个交易日的收盘价格不低于当期转股价格的 130%（含 130%）；,
123216,科顺转债,105.553,300737,科顺股份,21.98,21.98,2024-02-12,10.26,130,13.34,6.08,,0/15 | 30,如果公司股票在任意连续三十个交易日中至少十五个交易日的收盘价格不低于当期转股价格的 130%（含 130%）,
123217,富仕转债,118.85,300852,四会富仕,5.7,5.7,2024-02-14,41.77,130,54.3,37.31,,0/15 | 30,如果公司股票在任何连续三十个交易日中至少十五个交易日的收盘价格不低于当期转股价格的 130%（含 130%）；,
110095,双良转债,102.191,600481,双良节能,26.0,26.0,2024-02-14,11.93,130,15.51,7.89,,0/15 | 30,如果公司股票在连续三十个交易日中至少十五个交易日的收盘价格不低于当期转股价格的 130%（含 130%）,
123218,宏昌转债,136.8,301008,宏昌科技,3.8,3.8,2024-02-16,29.62,130,38.51,29.67,,0/15 | 30,如果公司股票在任意连续三十个交易日中至少有十五个交易日的收盘价格不低于当期转股价格的 130%（含130%）。,
118042,奥维转债,110.865,688516,奥特维,11.4,11.4,2024-02-16,124.65,130,162.04,84.88,,0/15 | 30,如果公司 A 股股票连续三十个交易日中至少有十五个交易日的收盘价不低于当期转股价格的 130%（含 130%），,
123219,宇瞳转债,126.902,300790,宇瞳光学,6.0,6.0,2024-02-19,15.32,130,19.92,15.62,,0/15 | 30,如果公司股票在任何连续 30 个交易日中至少有 15 个交易日的收盘价格不低于当期转股价格的 130%（含 130%）；,
113675,新23转债,121.284,603179,新泉股份,11.6,11.6,2024-02-19,51.35,130,66.75,48.16,,0/15 | 30,如果公司股票在任何连续三十个交易日中至少十五个交易日收盘价格不低于当期转股价格的 130%（含 130%）,
118043,福立转债,117.326,688678,福立旺,7.0,7.0,2024-02-19,21.28,130,27.66,17.14,,0/15 | 30,如果公司 A 股股票在连续三十个交易日中至少十五个交易日的收盘价格不低于当期转股价格的 130%（含 130%）,
111017,蓝天转债,126.495,605368,蓝天燃气,8.7,8.7,2024-02-21,10.13,130,13.17,11.09,,0/15 | 30,如果公司 A 股股票在连续三十个交易日中至少十五个交易日的收盘价格不低于当期转股价格的 130%（含 130%）；,
123220,易瑞转债,116.385,300942,易瑞生物,3.28,3.28,2024-02-26,12.87,130,16.73,11.75,,0/15 | 30,如果公司股票连续三十个交易日中至少有十五个交易日的收盘价格不低于当期转股价格的 130%（含 130%）；,
113676,荣23转债,116.817,603165,荣晟环保,5.76,5.76,2024-02-26,15.74,130,20.46,11.83,,0/15 | 30,公司股票连续三十个交易日中至少有十五个交易日的收盘价不低于当期转股价格的 130%,
127091,科数转债,114.3,002335,科华数据,14.921,14.921,2024-02-29,34.67,130,45.07,26.48,,0/15 | 30,公司股票连续三十个交易日中至少有十五个交易日的收盘价不低于当期转股价格的 130%（含本数）,
123221,力诺转债,130.2,301188,力诺特玻,5.0,5.0,2024-02-29,14.4,130,18.72,17.45,,0/15 | 30,当公司股票在任何连续三十个交易日中至少有十五个交易日的收盘价格不低于当期转股价格的 130%（含 130%）；,
123222,博俊转债,143.78,300926,博俊科技,5.0,5.0,2024-03-14,24.37,130,31.68,30.0,,0/15 | 30,如果公司股票在任何连续三十个交易日中至少十五个交易日的收盘价格不低于当期转股价格的 130%（含 130%）,
118044,赛特转债,117.333,688398,赛特新材,4.42,4.42,2024-03-15,35.41,130,46.03,30.2,,0/15 | 30,如果公司股票在连续三十个交易日中至少十五个交易日的收盘价格不低于当期转股价格的 130%（含 130%）,
118045,盟升转债,145.305,688311,盟升电子,3.0,3.0,2024-03-18,42.72,130,55.54,47.0,,0/15 | 30,如果公司 A 股股票连续三十个交易日中至少有十五个交易日的收盘价不低于当期转股价格的 130%（含 130%）,
113677,华懋转债,119.656,603306,华懋科技,10.5,10.5,2024-03-20,34.18,130,44.43,28.41,,0/15 | 30,如果公司股票连续 30 个交易日中至少有 15 个交易日的收盘价格高于当期转股价格的 130%（含 130%）；,
123223,九典转02,172.998,300705,九典制药,3.6,3.6,2024-03-21,21.85,130,28.41,33.98,,0/15 | 30,如果公司 A 股股票在任何连续 30 个交易日中至少 15 个交易日的收盘价格不低于当期转股价格的 130%（含 130%）；,
123224,宇邦转债,115.3,301266,宇邦新材,5.0,5.0,2024-03-25,52.9,130,68.77,42.99,,0/15 | 30,如果公司股票在连续三十个交易日中至少十五个交易日的收盘价格不低于当期转股价格的 130%（含 130%）；,
127092,运机转债,118.87,001288,运机集团,7.3,7.3,2024-03-27,17.67,130,22.97,16.54,,0/15 | 30,如果公司股票在任何连续三十个交易日中至少十五个交易日的收盘价格不低于当期转股价格的 130%（含 130%）；,
123225,翔丰转债,118.9,300890,翔丰华,8.0,8.0,2024-04-16,33.63,130,43.72,33.4,,0/15 | 30,如果公司股票在任意连续三十个交易日中至少十五个交易日的收盘价格不低于当期转股价格的 130%（含 130%）,
123226,中富转债,139.66,300814,中富电路,5.2,5.2,2024-04-22,36.44,130,47.37,33.57,,0/15 | 30,如果公司股票在任意连续三十个交易日中至少有十五个交易日的收盘价格不低于当期转股价格的 130%（含 130%）,
127093,章鼓转债,135.999,002598,山东章鼓,2.43,2.43,2024-04-23,10.35,130,13.46,10.26,,0/15 | 30,如果公司股票任意连续三十个交易日中至少十五个交易日的收盘价格不低于当期转股价格的 130%（含 130%）,
127094,红墙转债,123.7,002809,红墙股份,3.16,3.16,2024-04-24,10.89,130,14.16,10.8,,0/15 | 30,如果公司股票在任何连续三十个交易日中至少十五个交易日的收盘价格不低于当期转股价格的 130%（含 130%）,
127095,广泰转债,119.615,002111,威海广泰,7.0,7.0,2024-04-24,9.38,130,12.19,8.94,,0/15 | 30,如果公司股票连续三十个交易日中至少十五个交易日的收盘价格不低于当期转股价格的 130%（含 130%）；,
113678,中贝转债,134.184,603220,中贝通信,5.17,5.17,2024-04-25,32.88,130,42.74,33.2,,0/15 | 30,如果公司股票在连续三十个交易日内至少有十五个交易日的收盘价不低于当期转股价格的130%（含130%）；,
123228,震裕转债,111.147,300953,震裕科技,11.95,11.95,2024-04-26,61.57,130,80.04,51.75,,0/15 | 30,如果公司股票在任意连续三十个交易日中至少十五个交易日的收盘价格不低于当期转股价格的 130%（含 130%）,
123227,雅创转债,149.001,301099,雅创电子,3.63,3.63,2024-04-26,53.34,130,69.34,50.06,,0/15 | 30,如果公司 A 股股票在任意连续三十个交易日中至少十五个交易日的收盘价格不低于当期转股价格的130%（含130%）,
123229,艾录转债,122.38,301062,上海艾录,5.0,5.0,2024-04-29,10.15,130,13.2,10.78,,0/15 | 30,如果公司股票在任何连续三十个交易日中至少有十五个交易日的收盘价格不低于当期转股价格的 130%（含130%）,
127096,泰坦转债,293.6,003036,泰坦股份,2.955,2.955,2024-05-01,13.81,130,17.95,12.68,,0/15 | 30,如果公司 A 股股票连续 30 个交易日中至少有 15 个交易日的收盘价格不低于当期转股价格的 130%（含 130%）；,
113679,芯能转债,111.572,603105,芯能科技,8.8,8.8,2024-05-01,13.1,130,17.03,10.92,,0/15 | 30,如果公司 A 股股票在任意连续 30 个交易日中至少 15 个交易日的收盘价格不低于当期转股价格的 130%（含 130%）；,
127097,三羊转债,275.0,001317,三羊马,2.1,2.1,2024-05-01,37.65,130,48.95,36.8,,0/15 | 30,如果公司 A 股股票连续 30 个交易日中至少有 15 个交易日的收盘价格不低于当期转股价格的 130%（含 130%）；,
123231,信测转债,128.6,300938,信测标准,5.45,5.45,2024-05-15,36.89,130,47.96,35.15,,0/15 | 30,如果公司股票在任意连续三十个交易日中至少有十五个交易日的收盘价格不低于当期转股价格的 130%（含 130%）；,
123230,金钟转债,163.378,301133,金钟股份,3.5,3.5,2024-05-15,29.1,130,37.83,27.44,,0/15 | 30,如果公司 A 股股票在任意连续三十个交易日中至少十五个交易日的收盘价格不低于当期转股价格的 130%（含 130%）,
113680,丽岛转债,169.737,603937,丽岛新材,3.0,3.0,2024-05-21,13.01,130,16.91,12.19,,0/15 | 30,如果公司 A 股股票在任意连续三十个交易日中至少十五个交易日的收盘价格不低于当期转股价格的 130%（含 130%）；,
127098,欧晶转债,141.0,001269,欧晶科技,4.7,4.7,2024-05-30,45.91,130,59.68,42.74,,0/15 | 30,如果公司 A 股股票在任意连续三十个交易日中至少十五个交易日的收盘价格不低于当期转股价格的130%（含130%）,
123232,金现转债,133.7,300830,金现代,2.025,2.025,2024-06-03,9.39,130,12.21,8.44,,0/15 | 30,如果公司股票在任何连续三十个交易日中至少有十五个交易日的收盘价不低于当期转股价格的 130%（含130%）；,
123233,凯盛转债,125.299,301069,凯盛新材,6.5,6.5,2024-06-05,20.26,130,26.34,21.65,,0/15 | 30,如果公司股票在任意连续三十个交易日中至少十五个交易日的收盘价格不低于当期转股价格的 130%（含 130%）,
127099,盛航转债,100.0,001205,盛航股份,7.4,7.4,2024-06-12,19.15,130,24.89,17.16,,0/15 | 30,如果公司股票连续三十个交易日中至少有十五个交易日的收盘价格不低于当期转股价格的 130%（含 130%）,
123234,中能转债,100.0,300062,中能电气,4.0,4.0,2024-06-17,6.42,130,8.35,5.98,,0/15 | 30,当公司股票在任何连续三十个交易日中至少有十五个交易日的收盘价格不低于当期转股价格的 130%（含 130%）；,
118046,诺泰转债,100.0,688076,诺泰生物,4.34,4.34,2024-06-21,42.73,130,55.55,42.8,,0/15 | 30,如果公司股票连续三十个交易日中至少有十五个交易日的收盘价不低于当期转股价格的 130%（含 130%）,
123235,亿田转债,100.0,300911,亿田智能,5.202,5.202,2024-06-27,38.08,130,49.5,35.26,,0/15 | 30,如果公司股票在任何连续三十个交易日中至少十五个交易日的收盘价格不低于当期转股价格的 130%（含 130%）；,
127100,神码转债,100.0,000034,神州数码,13.39,13.39,2024-06-27,32.51,130,42.26,29.74,,0/15 | 30,如果公司股票在任何连续 30 个交易日中至少 15 个交易日的收盘价格不低于当期转股价格的 130%（含 130%）,
127101,豪鹏转债,100.0,001283,豪鹏科技,11.0,11.0,2024-06-28,50.65,130,65.84,50.05,,0/15 | 30,如果公司股票连续三十个交易日中至少有十五个交易日的收盘价不低于当期转股价格的 130%,
113069,博23转债,100.0,601137,博威合金,17.0,17.0,2024-06-28,15.63,130,20.32,14.51,,0/15 | 30,如果本公司股票在任意连续 30 个交易日中至少有 15 个交易日的收盘价不低于当期转股价格的 130%（含 130%）,
127102,浙建转债,100.0,002761,浙江建投,10.0,10.0,2024-07-01,11.01,130,14.31,10.12,,0/15 | 30,如果公司 A 股股票连续三十个交易日中至少有十五个交易日的收盘价格不低于当期转股价格的 130%（含130%）,
111018,华康转债,100.0,605077,华康股份,13.03,13.03,2024-07-01,22.66,130,29.46,22.54,,0/15 | 30,如果本公司股票任意连续 30 个交易日中至少有 15 个交易日的收盘价不低于当期转股价格的 130%（含 130%）,
113534,鼎胜转债,154.238,603876,鼎胜新材,12.54,3.691,2019-10-16,7.84,130,10.19,12.03,,0/15 | 30,在本次发行的可转换公司债券转股期内，如果公司股票连续三十个交易日中至少有十五个交易日的收盘价格不低于当期转股价格的130%(含 130%),公告不强赎
128091,新天转债,162.899,002873,新天药业,1.773,1.523,2020-07-06,8.11,130,10.54,12.3,,0/15 | 30,如果公 司股票连续三十个交易日中至少有十五个交易日的收盘价格不低于当期转股价格的130%(含130%),公告不强赎
128095,恩捷转债,123.91,002812,恩捷股份,16.0,4.531,2020-08-17,66.26,130,86.14,51.39,,0/15 | 30,如果公司股票在任何连续30个交易日中至少15个交易日的收盘价格不低于当期转股价格的130%(含130%),公告不强赎
127043,川恒转债,117.211,002895,川恒股份,11.6,10.441,2022-02-18,19.98,130,25.97,17.57,,0/15 | 30,如果公司股票连续三十个交易日中至少有十五个交易日的收盘价不低于当期转股价格的 130%(含 130%),公告不强赎
128082,华锋转债,156.017,002806,华锋股份,3.524,1.955,2020-06-10,9.13,130,11.87,14.08,,0/15 | 30,在转股期内，如果公司股票在任何连续30个交易日中至少15个交易日的收盘价格不低于当期转股价格的130%(含 130%),公告不强赎
123012,万顺转债,172.0,300057,万顺新材,9.5,1.22,2019-01-26,5.92,130,7.7,5.88,,0/15 | 30,在本次发行的可转债转股期内，如果公司股票连续三十个交易日中至少有十五个交易日的收盘价不低于当期转股价格的 130%（含 130%）,公告不强赎
123092,天壕转债,157.2,300332,天壕能源,4.23,3.997,2021-06-30,5.06,130,6.58,7.71,,0/15 | 30,如果公司A股股票在任意连续三十个交易日中至少十五个交易日的收盘价格不低于当期转股价格的 130%(含 130%),公告不强赎
123085,万顺转2,114.2,300057,万顺新材,9.0,5.704,2021-06-17,6.67,130,8.67,5.88,,0/15 | 30,如果公司股票连续三十个交易日中至少有十五个交易日的收盘价不低于当期转股价格的130%(含130%),公告不强赎
110058,永鼎转债,137.223,600105,永鼎股份,9.8,2.6,2019-10-22,5.04,130,6.55,5.39,,0/15 | 30,如果公司股票连续三十个交易日中至少有十五个交易日的收盘价格不低于当期转股价格的130%(含 130%),公告不强赎
110091,合力转债,136.475,600761,安徽合力,20.475,20.471,2023-06-19,14.0,130,18.2,16.16,,0/15 | 30,公司股票在任何连续三十个交易日中至少有十五个交易日的收盘价格不低于当期转股价格的 130%（含 130%）；,公告不强赎
113615,金诚转债,315.044,603979,金诚信,10.0,7.637,2021-06-29,12.43,130,16.16,37.2,,0/15 | 30,如果公司股票在任何连续三十个交易日中至少十五个交易日的收盘价格不低于当期转股价格的 130%(含 130%),公告不强赎
110068,龙净转债,130.505,600388,龙净环保,20.0,18.758,2020-09-30,10.12,130,13.16,12.56,,0/15 | 30,如果公司股票在任何连续三十个交易日中至少十五个交易日的收盘价格不低于当期转股价格的 130%(含 130%),公告不强赎
110048,福能转债,154.047,600483,福能股份,28.3,12.76,2019-06-13,5.57,130,7.24,8.36,,0/15 | 30,在转股期内，如果公司股票在任何连续三十个交易日中至少十五个交易日的收盘价格不低于当期转股价格的 130%（含 130%）,公告不强赎
123177,测绘转债,148.5,300826,测绘股份,4.067,2.437,2023-09-08,13.28,130,17.26,18.15,,0/15 | 30,公司股票连续三十个交易日中至少有十五个交易日的收盘价不低于当期转股价格的130%（含）,公告不强赎
113039,嘉泽转债,125.762,601619,嘉泽新能,13.0,2.877,2021-03-01,3.28,130,4.26,3.49,,0/15 | 30,如果公司A股股票连续三十个交易日中至少有十五个交易日的收盘价不低于当期转股价格的130%(含 130%),公告不强赎
127065,瑞鹄转债,198.45,002997,瑞鹄模具,4.398,1.868,2022-12-28,17.06,130,22.18,32.54,,0/15 | 30,如果公司A股股票连续30个交易日中至少有 15 个交易日的收盘价格不低于当期转股价格的 130%（含130%）,公告不强赎
123118,惠城转债,329.5,300779,惠城环保,3.2,1.538,2022-01-13,15.93,130,20.71,50.99,,0/15 | 30,如果公司股票在任何连续三十个交易日中至少有十五个交易日的收盘价格不低于当期转股价格的 130%(含 130%),公告不强赎
127063,贵轮转债,135.599,000589,贵州轮胎,18.0,15.508,2022-10-28,4.4,130,5.72,5.8,,0/15 | 30,如果公司A股股票连续三十个交易日中至少有十五个交易日的收盘价不低于当期转股价格的130%（含130%）,公告不强赎
127058,科伦转债,181.2,002422,科伦药业,30.0,17.188,2022-09-26,16.04,130,20.85,29.02,,0/15 | 30,如果公司A股股票连续三十个交易日中至少有十五个交易日的收盘价格不低于当期转股价格的 130%（含）,公告不强赎
110060,天路转债,133.831,600326,西藏天路,10.87,5.666,2020-05-06,4.17,130,5.42,4.79,,0/15 | 30,在本次发行的可转债转股期内，如果公司 A 股股票连续 30 个交易日中 至少有 15 个交易日的收盘价格不低于当期转股价格的 130%(含 130%),公告不强赎
110055,伊力转债,158.807,600197,伊力特,8.76,2.433,2019-09-23,15.59,130,20.27,21.05,,0/15 | 30,在本次发行的可转换公司债券转股期内，如果公司A股股票连续三十个交易日中至少有十五个交易日的收盘价格不低于当期转股价格的130%（含130%）,公告不强赎
128041,盛路转债,283.203,002446,盛路通信,10.0,0.525,2019-01-23,6.83,130,8.88,8.12,,0/15 | 30,转股期内，如果公司股票连续三十个交易日中至少有十五个交易日的收盘价不低于当期转股价格的 130%（含 130%）,公告不强赎
123054,思特转债,174.294,300608,思特奇,2.71,1.674,2020-12-16,9.89,130,12.86,16.91,,0/15 | 30,如果公司股票连续三十个交 易日中至少有十五个交易日的收盘价格不低于当期转股价格的130%(含130%),公告不强赎
127053,豪美转债,135.905,002988,豪美新材,8.24,4.817,2022-07-28,17.97,130,23.36,23.14,,0/15 | 30,如果公司股票在任何连续三十个交易日中至少十五个交易日的收盘价格不低于当期转股价格的 130%（含 130%）,公告不强赎
128106,华统转债,227.8,002840,华统股份,5.5,2.861,2020-10-16,8.82,130,11.47,19.98,,0/15 | 30,如果公司股票连续三十个交易日中至少有十五个交易日的收盘价不低于当期转股价格的130%(含130%),公告不强赎
113634,珀莱转债,128.233,603605,珀莱雅,7.517,7.508,2022-06-14,98.25,130,127.72,97.11,,0/15 | 30,如果公司股票在任何连续三十个交易日中至少十五个交易日的收盘价格不低于当期转股价格的 130%（含 130%）,公告不强赎
132018,G三峡EB1,152.601,600900,长江电力,200.0,90.279,2020-04-13,15.1,120,18.12,23.15,,0/15 | 30,如果长江电力A股股票连续三十个交易日中至少有十五个交易日的收盘价格不低于当期换股价格的120%(含120%),公告不强赎
127037,银轮转债,171.44,002126,银轮股份,7.0,6.994,2021-12-13,10.61,130,13.79,17.58,,0/15 | 30,如果公司股票在任何连续三十个交易日中至少十五个交易日 的收盘价格不低于当期转股价格的 130%(含 130%),公告不强赎
110090,爱迪转债,128.599,600933,爱柯迪,15.7,15.698,2023-03-29,18.56,130,24.13,20.86,,0/15 | 30,如果公司A股股票连续三十个交易日中至少有十五个交易日的收盘价格不低于当期转股价格的 130%（含 130%）,公告不强赎
123176,精测转2,155.665,300567,精测电子,12.76,12.759,2023-09-08,64.54,130,83.9,83.81,,0/15 | 30,如果公司股票在任意连续三十个交易日中至少十五个交易日的收盘价格不低于当期转股价格的130.00%（含）,公告不强赎
123031,晶瑞转债,378.6,300655,晶瑞电材,1.85,0.528,2020-03-05,3.65,130,4.75,9.62,,0/15 | 30,如果公司A股股票连续三十个交易日中至少有十五个交易日的收盘价不低于当期转股价格的130%(含 130%),公告不强赎
123025,精测转债,195.0,300567,精测电子,3.75,3.084,2019-10-08,48.79,130,63.43,83.81,,0/15 | 30,在转股期内，如果公司股票在任意连续三十个交易日中至少十五个交易日的收盘价格不低于当期转股价格的130%含(130%),公告不强赎
113537,文灿转债,222.847,603348,文灿股份,8.0,1.231,2019-12-16,18.98,130,24.67,35.47,,0/15 | 30,如果公司 A 股股票连续三十个交易日中至少有十五个交易日的收盘价格不低于当期转股价格的130%(含 130%);,公告不强赎
110052,贵广转债,135.096,600996,贵广网络,16.0,2.642,2019-09-11,7.94,130,10.32,9.61,,0/15 | 30,在转股期内，如果公司股票在任何连续三十个交易日中至少十五个交易日的收盘价格不低于当期转股价格的130%（含130%）,公告不强赎
113588,润达转债,168.825,603108,润达医疗,5.5,3.185,2020-12-23,13.1,130,17.03,20.93,,0/15 | 30,如果公司 A 股股票连续三十个交易日中至少有十五个交易日的收盘价不低于当期转股价格的 130%(含 130%),公告不强赎
127014,北方转债,162.5,000065,北方国际,5.782,5.322,2020-04-30,7.74,130,10.06,12.0,,0/15 | 30,如果公司股票在任何连续30个交易日中至少15个交易日的收盘价格不低于当期转股价格的130%(含 130%),公告不强赎
123129,锦鸡转债,136.333,300798,锦鸡股份,6.0,1.942,2022-05-10,7.95,120,9.54,9.62,,0/20 | 30,如果公司 A 股股票连续三十个交易日中至少有二十个交易日的收盘价不低于当期转股价格的 120%(含 120%),公告不强赎
123194,百洋转债,136.0,301015,百洋医药,8.6,8.463,2023-10-20,26.88,130,34.94,35.97,,0/15 | 30,如果公司股票连续三十个交易日中至少有十五个交易日的收盘价格不低于当期转股价格的 130%（含 130%）；,公告不强赎
123038,联得转债,157.4,300545,联得装备,2.0,1.471,2020-07-01,23.96,130,31.15,32.65,,0/15 | 30,如果公司股票在任何连续 30个交易日中至少15个交易日的收盘价格不低于当期转股价格的130%(含130%),公告不强赎
110077,洪城转债,157.849,600461,洪城环境,18.0,15.775,2021-05-26,5.78,130,7.51,9.13,,0/15 | 30,如果公司股票在任何连续三十个交易日中至少十五个交易日的收盘价格不低于当期转股价格的 130%(含 130%),公告不强赎
118021,新致转债,210.473,688590,新致软件,4.848,2.914,2023-04-10,10.68,130,13.88,22.5,,15/15 | 30,如果公司股票连续三十个交易日中至少有十五个交易日的收盘价不低于当期转股价格的 130%（含 130%）,公告不强赎
123013,横河转债,420.0,300539,横河精密,1.4,0.379,2019-02-01,8.88,130,11.54,12.16,,0/15 | 30,在本次发行的可转债转股期内，如果公司 A 股股票连续三十个交易日中至少有十五个交易日的收盘价不低于当期转股价格的 130%（含 130%）,公告不强赎
110083,苏租转债,146.796,600901,江苏金租,50.0,47.555,2022-05-17,3.37,130,4.38,4.92,,0/15 | 30,如果公司 A 股股票连续三十个交易日中至 少有十五个交易日的收盘价格不低于当期转股价格的130%(含 130%),公告不强赎
113648,巨星转债,144.355,603477,巨星农牧,10.0,9.154,2022-10-31,25.21,130,32.77,35.06,,0/15 | 30,如果公司股票在任意连续三十个交易日中至少有十五个交易日的收盘价格不低于当期转股价格的 130%（含）,公告不强赎
123236,家联转债,100.0,301193,家联科技,7.5,7.5,2029-12-21,18.69,130,24.3,18.52,,0/15 | 30,如果公司股票在任意连续三十个交易日中至少十五个交易日的收盘价格不低于当期转股价格的 130%（含 130%）,
